id,name
72ce4197-e6b7-4569-9b0b-0d5d640a0f81,Lauren Hill
4c6aac55-a4ee-4924-9b40-1c8716424af3,Patrick Shields
87df13dd-eb0a-41b5-8af0-4a39b0764b7c,Angela Moyer
45da4769-bc8a-41eb-a3d5-5e2a36f125f4,Andrea Callahan
1f1e5bf4-e5ed-4fd5-838d-3dc348a95365,Melissa Martin
d2fbde64-d9b5-4f23-add3-3646d919501d,Teresa Evans
f9d7b43e-5db1-4868-82d5-ba0b25dbbec9,David Leonard
4cbc3b61-2689-4a07-9d6a-2ac23175aca4,Justin Duarte
1f23cfa8-1da0-47c9-8c7e-d2cc3590229b,Sara Valentine
b73c7939-7afe-4aa5-9eed-bc19ef5c4782,George Garcia
f14bd697-a69f-4c31-b0ec-a27706327d87,Amanda Garcia
34e7a1f3-7116-478b-b8d0-f5c0854b268e,Heather Gomez MD
126807ff-6ac3-4ee1-b7d1-858ba4073b54,Allison Harris
1a9b5086-0f3e-452f-9839-e67981462603,Shelby Gonzalez
a21a84c6-1950-47a8-b51d-5dc8e67824df,Adam Rowe
e516eb91-5fa8-48b2-ac5d-d7e54613c322,Gregory Hayes
fbfd8fc9-d7a4-428e-8e75-7c1c3df53e65,Carol Lee
3d1c95a7-3033-4a0b-bb1f-80fc7db270cf,Veronica Garcia
fe1d8896-bd8d-433c-b50f-ad801a2b7f56,Brittany Brown
1b541b94-6036-45b5-9367-484e4a7fe16e,Maria Cook
77da7890-bd31-4019-b08a-0371238ebaa3,Wesley Jenkins
13f3ece7-84bd-4eaf-b883-8927e5975479,Bruce Cole
eac287dd-c878-4f6b-8f1a-6845f7e0d568,Sharon Sawyer
07370e76-8fc5-4fe4-9cfd-0ef31b6b963d,Christopher Ellis
295f1a7a-8aa4-4198-8534-69db15aaec91,Arthur Mendoza
f558c6ac-23f9-453f-8a77-06690821501a,Dustin Macias
04849989-b0bf-497e-adf2-57a7a99b35dd,Mary Smith
b0769e8c-9739-478c-8d77-cf00940c6613,Jose Fox
43826b00-4464-4040-b372-8a98ada2409a,Tammy Watson
5979aa58-8f46-4892-a333-04be9b87c885,Lindsey Hunter
ab3c2180-1357-4209-8252-81f214ab2800,Harry Taylor
a94f949f-5024-4901-b5a1-ad83da8b404f,Michael Meza
a9f2269b-7b5a-46a1-a057-37b0ccd463ed,Jodi Mitchell
db2c417e-029f-4153-b4f5-7754c40894df,Kimberly Jackson
cab382f5-8fc1-47fa-b16c-703008663c15,Justin Chambers
380425d6-4bba-4f09-b084-0b3164d912a7,Leslie Conner
60ab2ace-eaf3-4804-bacb-948d2db86f42,Ryan Byrd
98ec013e-7202-420e-82da-b5789c503187,Timothy Meyers
60bc2fab-3298-45d4-bbf5-a5873a3d2c32,April Baker
2ffaad3e-3063-40fc-8103-8422368f0f1a,Shirley Kim
ce5a1c5b-f46b-4e3d-84ba-a122f69a560e,Lawrence Mclaughlin
22eb048d-684f-434e-b2ad-07b26150ad0d,Brenda Kent
a9ec19bf-2bca-4e9b-922a-086463b49695,Derrick Brown
09460b53-7ec0-438c-bdd7-6f127d285407,Roy Stewart
5aef5776-d5d3-48dd-92ee-0da4f4c2efa7,Dillon Flores
6167ea00-538a-4052-ac34-172d71024ac5,Holly Lee
4a68693c-87c7-4cea-8340-1d6d62616381,Lindsey Ellison
f1dcf3eb-1f30-4041-aed3-7869f7e233b7,Carlos Bass Jr.
f5e03e64-1357-4058-a4ae-5dd7dc6cf325,Sarah Hunt PhD
2ea16d62-0273-4849-9088-4ab9c76d8388,Shawna Hill
35bc7b45-2560-40fb-9eaa-2e18ea03b96d,Casey Miller
0410a7e1-1987-494d-be5d-d0f8f9852ecb,Leslie Hicks
df3a6fdf-6593-41c4-ac0e-65dc46da0ba8,Joseph Griffin
7908b252-dc08-4613-bebf-db46344481e8,Jonathan Graham
eff9f6f7-190c-4b72-9587-db13e7d669fe,Terry Rice
2da25610-a989-40c3-bc23-204807216d61,Rodney Gonzalez
2b7646d2-7122-4d0a-b002-3a555bef5007,Katherine Griffin
7ddec168-0fda-43b4-a82b-edd152303686,Dana Gentry
e2bde3ae-89bc-4e75-be33-6d6246c21e77,Scott Smith
611da445-1a77-4128-a530-58ea94273765,William Kelly
464aff0f-2ea3-4402-9811-e2c2e0476fb5,Ashley Johnson
baf2caf8-e1f2-4283-bf3e-63ae7c612734,Stephen Robbins
dbdc0ec3-4a1c-4f5e-b34a-c2eb7cb4f70c,Debbie Lopez
1382dd1e-a7ca-4f00-a2bd-9b90ce51f4d7,Kyle Evans
62e2680a-7685-42f5-b497-59bf892b54d3,Susan Castillo
6b5398e3-8ba7-414c-9406-87015740fa85,Mark Smith
0952b64a-fc41-419e-9e88-a6c5b56ff2fd,Kristina Smith
f3cda84a-ad1b-4986-aa54-bb09c9f7cd19,Casey Barnes
db1b9875-03bc-456a-9321-37905a2fe4a6,Alicia Huerta
489ae295-949b-4409-9671-dce6b452b19c,Stephen Mercado
31db89a9-d8af-4f9b-8169-9780dbbdf4ce,Victor Ramos
635106d9-3af0-49cc-b0f4-c35c3acac99b,Richard Martinez DVM
0202d476-0938-4f20-ab85-d0616cc2421d,Marc West
8fd5c003-3509-469f-aae6-3a5a82b57081,Stephanie Love
2912c960-cb68-406b-b820-d6d198cdff23,Deanna Torres
609bd76b-d6ce-467f-88a7-61cb98a4341b,Scott Harrison
e5bcbe31-245b-4883-b5be-6032f1eee04e,Patrick Walls
52c8c132-9cea-4afc-9c36-cf3e2db3d418,Mark Taylor
7fc2d975-d202-4c5b-b49c-6abdde4a42cd,Scott Thompson
c39ff04b-1d72-49f5-9583-7654bbd0760e,Nancy Hernandez MD
a807431e-efcb-459d-b582-2a65428ce1e1,Cheryl Robinson
e86c42b0-2c1e-4ffb-83d7-123959e5a8fb,David Webb
2a3e1f16-614c-4fba-91fc-7a02fb701195,Angela James
53c0bed0-c7da-4dc1-b629-e63a9a84a26f,Lydia Knapp
4f1a1e61-9292-4c2b-ade9-e6566b01b780,Michael Welch
6b01a2de-5597-46a5-9810-b6de06b1a5a1,Barbara Koch
2ad482de-2c00-4c1a-ad76-0257160df421,James Grant
bff0b271-bfc3-45c7-aae1-cee2290c033b,Sharon Evans
1aa96e7f-168a-4708-b4b0-0b498c4d8864,Ray Mitchell
7eec777c-5cfa-483f-9ff7-170523c49bba,Taylor Summers
1ba01533-0ea1-4e0c-8afc-11211909d0a2,Megan Forbes
0c95ba53-35a4-4877-a606-a2fd76c71808,Madison Mcintosh
01bb66b6-30bb-4063-934c-03c9d27f00dc,Stephanie Williams
c4299a66-5689-4429-8ee9-1892d93364af,Sandra Norman MD
4a55c949-f248-4fa3-91d9-e1b75b83cf7d,Henry Zamora
8afcaea5-fcf5-4134-8221-3872a0dc48e8,Sharon Sims
46f2b396-9f78-4fbd-bf64-1d4f1866fb16,Latoya Harrison
7abdf762-2afd-469e-a535-385432b5e3b2,John Blackburn
f48fb6eb-f7a0-44cf-accb-648605f9b52d,Brenda Dillon
bd3da820-4eca-41d7-ae56-4e3f11ee4602,Julie Taylor
f5d14572-de2e-49cf-be89-639b173f1d6f,Vanessa Howell
e7ea3682-a5b7-4d72-9c53-9e2c0dd805da,Pamela Smith
a129e8da-ec2a-4e9f-8842-7e61e098912d,Dr. David Murphy
8df19686-89b1-4c39-b672-058a8e5fea0e,Robin Sanders
a0189dc9-a660-4b18-8eca-2f3daa8004dc,Michael Briggs
ad8ef8c9-8888-4404-94da-2e2673c5a238,Alyssa Riddle
7101ea0c-93dc-4370-b181-b3fc548fbba9,Derek Smith
2a15ae41-69bc-4a59-8567-72817a1cb1a9,Christina Roberts
e9a23fe5-13e0-4a81-9f4d-e04c7a7950cb,Brian Church
da896ea2-d48f-42b9-a3e6-17bf7ca2548e,Ryan Hart
cd7e6b70-7539-4c38-b017-f22320a0d8b7,Angela Weber
c1e06bb3-8efc-4140-85cf-22a7327ef13b,Jennifer Erickson
25e17813-dbb8-4a11-9319-27c118aebcc3,Scott Chaney
11b19fb7-a5d1-4dd3-af88-9f6193359666,Eric Austin
f7338521-6718-4fc3-8a48-29817b2a812e,Elizabeth David
2b0b985a-5641-4351-83f1-5b8e9c9c795e,David Buck
eb0f87f3-7717-47f6-8334-f7e7e8be502b,Stephen Young
ba096a9b-5aea-4e62-be6a-49081bd73528,Andrea Moore
503b60ad-56ea-4ae8-a0c1-477351175a2d,Patrick Thomas
c10b62ab-14c4-4617-8e23-42071476404b,Virginia James
c22aaa37-3b08-4f2f-aeee-83fcb5b2b64f,Alicia Webster
cba27f8b-d720-4af1-85b3-606fc618184b,Matthew Dawson
be0ca3a5-d35e-49d6-b411-3f4acd55f386,Jason Richards
3199413d-ccfb-49ee-8565-afb134382b87,Diane Davis
2258600b-c8bf-4123-8b16-0684008c2016,Debra Wolf
d13eb1b2-39e4-4699-a433-78d68bd7efc9,Diana Webster
bf0bc1bb-7077-4f19-bbb8-9820a90627c1,Katie Ruiz
ab54247a-455d-4f6f-a83b-a2d9d3f5216b,Nicholas Mcdowell
7601e9f7-a66f-48e0-b896-5180c32aa46e,Rachel Rodriguez
6edf537a-28d1-4631-b264-8d0127881736,John Norris
9a315081-69ec-43c1-a04f-2466613c973a,Kathy Thomas
8a4c6f61-c4ad-46c0-acc2-adb22819a341,Erin Baker
306b2a54-8b47-4469-9d3e-9ab6b4ee90e9,Trevor Rodriguez
05aee21f-3c71-4ab4-be8b-b5ffb22d4498,Christopher Hall
c6927fa2-65c2-4322-9019-960874501748,Chad Jackson
1c49cf4c-3be5-4ee9-8de8-81b681802863,Misty Lee
1f646af4-f131-4295-a288-4ed8af7d3f42,Diane Hunter
faf5f331-8440-40ae-a9c3-8c5ddbfaa456,Ann Yoder
f93d63a5-86a6-4633-b461-177ac652764b,Elizabeth Montgomery
63810464-6ea7-4154-ae14-522416768519,Alexander Garner
45bad715-f567-4595-a549-3ece222c064c,Michael Baker Jr.
4d7cd8f0-0e59-4f91-b52a-23d03b645220,Sheila Fisher
969231e3-2792-438f-a5b8-adecc746810c,Erin Rodriguez
c906631e-9705-4bc3-9238-66d6357de975,Robert Lee
d6305e54-4eff-4ab7-8490-581f3cc154ed,Alexis Graham
c68f4362-8405-44d6-8083-15ecae94d54f,Emily Barnes
646ae67b-1e45-42d2-8d87-ecc20127ba75,Gerald Hicks
ce60d41e-de93-4eb4-8899-018903870f6c,Scott Perkins
f13f2152-81ce-4eae-9502-6fc8794c5039,Brandy Schaefer
db143f06-3b6f-4755-86ec-55de20abef04,Deborah Page
a2c81be6-1f83-4e2e-aae9-08dd5ace1657,Benjamin Brooks
b33892db-7302-42d6-997a-94554e61ec93,Tracy Santiago MD
656a816f-7e98-4402-98a7-571063f1dd85,Leah Estrada
deb1dcbc-d789-4cc0-9a96-c078c807fd97,Ashley Bradley
76c90e26-8852-4dc1-8711-b2222eee5f08,Alison White
7ab515cf-0c5a-4d24-9bb2-2042240caf71,Jonathan Rowe
58a3568a-44ee-4684-8c54-cffa704350d1,George Moore
5714fe1f-56c7-4964-a70d-d58f340ac847,Matthew Chapman
45b8c22b-c7a2-4afd-97c7-771720bd5aac,Sonya Moore
ef1b2720-f78d-467c-b88e-e79da04e5386,Roy Young
d07b4777-24f8-4485-9279-e6d6443f4753,Zachary Holland MD
ce9d28e5-b8e2-4e12-939b-c5d4d19be2f0,Traci Maddox
b0569c8b-2d54-4baf-91a5-1c5469651f36,Melissa Miller
d45a1196-e93e-4ed6-9643-1e040cc853c4,Jennifer Singh
51167bb7-0092-448c-b1e2-c0245a1dd8bd,Charles Adams
e52f6840-9d40-48ae-a96a-f1e953b8f27e,Nicole Martin
22c715e2-aaad-446c-855b-fb433719cedb,Nancy Mercado
92cb31ee-0359-4b0a-9341-e26cbce0ca23,Nancy Austin
c520b188-27ff-46b4-8036-efd7595146f6,Jennifer Garcia
1228cd06-3b51-4cb7-b8b4-78cdca32f9dc,Melissa Davis
97b57393-ece3-4c79-8b66-6067bda677c2,Dawn Williams
d4db4bec-582b-4626-9d1a-4870138dd9ee,Kim Moore
75acf505-cc44-4bf6-b70f-a7346bf350b5,Karen Freeman
ad0e3586-ca94-48e3-b563-09c43e3ce878,Jonathan Arroyo
0ede467c-240d-408e-a889-63e00c9614f0,Brian Clark
3d579ab2-2577-4125-bd94-59dfd3f1818d,Allison Oliver
2cd78b61-8fff-43d8-97c9-189318fc7454,Ashley Ross
a0d649da-d0d0-42c7-81f2-dcd19765a3cb,Andrew George
a694dde7-4dbb-451b-8b9a-a96615dea34f,Christopher Robinson
02deb457-916e-4532-b84b-8a9103fe348a,Julie Fuentes
73638232-4444-493c-bd24-411efb4dc2ba,Michael Ball
590c6aac-53b3-435d-a60c-17b4cdcdf31f,Kevin Hardy
065de88e-0cc0-477c-8ec0-c935544df3b7,Amy Andrade
3f4c6cb7-7182-4a5e-83c1-67ec0ef9d815,Kerri Wilson
c621c5ac-80c1-46c5-96f2-aeb8b96d1791,James Thomas
079a48c3-370d-442e-8743-5ac82752a844,Anthony Dickson
7d5ad5ef-1c11-4ec9-971c-08baffcb6d99,Madison Davis
22a6c669-18b2-4423-86cf-7edfa267366c,Steven Williams
163ac1af-3b1b-4f4d-a2dd-0ac5f84acab8,Nicholas Curry
bc52f4b6-d894-4f52-998e-c3a039dd6c74,Martha Pineda DDS
05fa8788-a6df-4f53-904c-2cd50a57078d,Alexandria Jarvis
e4a13ea1-cf36-4b22-9b18-cf7943a97f49,John Mcgee
b8cc3c54-baa4-497e-bf84-6a919a2a5571,Kevin Marquez
bcbf00e7-4558-419e-9314-f3a5828bcdb5,Jessica Richard
6d463ea5-80b5-4761-860b-a894cdf5eb44,William Joyce
72bc9a6a-df81-48ba-aed9-2cb8092c11f8,Kathy Harris
1af29fb5-416f-4454-88ad-a5351823236d,Brandy Mcdonald
f8cd4077-b201-4f38-937d-cbbf8c85bd6e,Tracy Gibbs
51de60ee-2400-4352-b0f6-c9be01205cd7,Linda Contreras
9b976d73-a243-4b43-8b0b-b9645739813e,Daniel Cuevas
0e76b33a-a686-4fd6-8a4b-6a8f411b20a9,Thomas Houston
d0e14a58-d42d-493b-b28c-db821412edfd,Karina Thompson
7b4c9cc3-458e-4ea2-9fdf-23a46c7050b3,Joseph Adkins
e9af2c76-cd29-4fc1-93f2-d7c46805f284,Connie Harrison
5ba1dda7-9d67-4ed1-a429-49f5b7444dd6,Michael Bryant
97d8d788-d410-478e-bffb-b956e677a872,Deborah Morgan
0c47d972-4762-4385-9c81-65bb8a2a5146,Julie Dixon
e6cfa0fc-d29e-49e9-8207-b5b3758b6c3f,Vanessa Coleman
24075530-7023-4364-a85f-8a6d8e2c1e77,Jessica James
0ca4b40e-819c-4023-80a9-3e595322820e,Jessica Bauer
4eeb9abc-fb78-4ceb-b2be-dec68c32f514,Denise Anderson
8ff3354f-e049-48ec-8d95-e30fd1a56049,Carlos Leon
5abcda88-178c-4ea4-a845-608f9ff9db36,Todd Burton
91be3a41-f7d6-4fd6-a66e-2850c87bd80b,Melanie Pena
fc81819c-c30a-4cd5-9886-d49ca75e633f,Alyssa Martinez
f122a564-169a-4e00-a4ac-0e5dfded143f,Kerry Tanner
10d7017b-33cf-4deb-a420-ebc86f04ac55,Brittany Rodriguez
62ba6613-2ffc-4b58-befd-80d604ab87e1,Anthony Murillo
a03e103f-0edd-4bcf-adad-b862d72bf8ed,Karen Sanchez
82271809-b86a-4914-9e9c-0919503f1f8a,Kristi Keller
7e047855-accf-4264-a1ba-880e330e520a,Dale Ellis
c79b83aa-c680-4774-9868-b30445317c93,Rebecca Carr
fbd612ec-7a02-4802-9fdd-d360ad2808f1,Sarah Harris
fecbc0a1-3603-45b1-a272-8b8dbcc3d77a,Robin Vargas
90a66eb5-7d60-4807-9308-f409e656c8bd,Susan Meadows
659b13f6-3ccc-45d4-a4ce-2add20ba3b5d,Beverly Peters
76e06b73-20ec-41a1-8a3b-6c35495737c5,Amber Cortez
a1c0992a-cde1-4aa8-a43e-20d789d1906d,Wyatt Bates
929e77e7-3371-4a18-a752-9919d297d91f,Stephanie Carter
83b157de-57fc-465d-94ba-a148dfc041da,Jamie Hughes
f9e64ba4-2b1b-4a0b-aa0e-06f09048594a,Nicole Bailey
3d9f9a07-9c35-4a31-8d53-bc5b1af07e23,Adam Carpenter
a61dba31-59d4-4736-8e32-f128cb0de884,Harold Jacobson
c3020a20-40b7-4f23-87d5-99a1aad9f714,Taylor Blackburn
73a772a5-5589-42dd-80c1-9b42690f1884,Melissa Lopez
34ba9837-f78c-422e-86ea-28541cb3a6e5,Paul Marshall
979fe617-fe59-48d3-929f-b3cc962df591,Jay Haley
fbfd777c-5588-4212-9250-8aa9941b13dc,Daniel Jordan
e5dd4ec9-0ca8-4b6c-9fd5-34039fbfba05,Michelle Anderson
c704859e-651c-45b8-ab34-d0e11000af55,Craig Owens
593b0a08-6da6-4a1c-a856-be51fc92be29,Richard Cannon
95c9c1af-65bb-4cbf-841b-81b4c70c741c,Michael Conner
d2442550-5f5e-4d83-836c-ee48daefbced,Jacqueline Morris
991f3038-3963-4afa-b912-c236c03629a4,William Valenzuela
e159a338-a91d-45a2-9553-c65a7d7cbdbc,Ronald Tran
4a960ff1-7979-4ab3-b606-6f12f0473891,Taylor Thomas
eeaaa2b1-9a8d-4048-99d5-f942920fa640,Ryan Huynh
7f70a00d-4596-4708-9e61-264e60f24088,Teresa Lambert
63bcf46a-507f-4e02-85c2-313829c84f94,Samuel Thomas
abe20620-2bd8-4a34-b7ce-e316db7a7b5d,Richard Holloway
9ce2e329-de5f-482b-b864-7c2d09f7c883,Brendan Hawkins
0344eb4c-9544-421d-b5a2-369cf7f1180d,Dylan Carrillo
5b372490-58cc-490e-acbe-3f97490460f9,Tamara Berry
b561ad7a-6a96-4ec7-a3c9-b046ba419404,Charles Oneill
4ecca6c3-a336-4770-985b-6be3abc7abb6,Maria Guerrero
7d74bbf8-1892-487b-8e90-19e427a26d2f,Erik Gordon
f5c97e32-b37e-473d-9709-5b21671e2bb7,Michelle Herring
c1c1154d-6d22-4f6d-b14d-8ddfce743dc5,Kevin Martinez
34f3fb62-53ce-4151-aa8b-7df1ae1510cd,Tanya Craig
5a1bfe2e-7840-47b8-92ff-9a3a9c8d5879,Maria Cherry
c7c92870-10f6-4676-98e6-1951f6b1057f,Andrew Stewart
65ed442c-6349-400e-a5bf-775600a5b4e0,Nicole Curtis
b9a98870-8374-4fc9-8929-10ee1228a16e,Danielle Gray
2b11c844-e5a9-4716-9477-0823ae3329b3,Eric Schroeder
07a26ecb-ff90-430e-beb8-d7f8369a762b,Michael Steele
f0ecba9f-03ed-4ec3-a312-9de0ed99e09d,Jessica Meyer
bd17304f-29d6-46b7-aab5-da51eb0ace21,Matthew Young
5b28d43c-8aa7-48fd-9fe1-952781b0f421,Bill Owens
886db5e2-bac5-465b-89e7-4e0d7020f93f,Robert Skinner
a6f0ed22-cc09-4615-8e70-fa2e1af568f8,John Marshall
86be0394-7067-4cfa-a729-846874250710,Sandra Ibarra
e4391692-45c1-4984-bb61-64b06dbc9548,William Diaz
d5ff6239-8d2a-44cd-8819-086fb1e41504,Nicholas Benson
a3d1c04e-dc9e-44c9-9099-c0681f831b2b,Shane Yates
692f2e8e-80aa-4ff4-82a7-9b55abf26281,Crystal Serrano
fa6b1d6d-ed7e-478b-8585-3fbcb101eb96,Andrea Page
4a55b960-55e6-426c-9b93-a4349ff20d72,Mrs. Hannah Figueroa
aaa7b2d1-2246-4171-af49-9220fe115175,Kristen Mack
ab60464c-c199-484d-abbe-9ac13f9ae307,Laura Holt
9ac3ed9e-3c72-440f-89da-fb2d387fb303,Lisa Mason
0cecd436-17ba-4e0d-9445-a29fc368da95,Wendy Ramirez
3d40d05a-70a7-4d2a-8ea3-df18c0b672fc,Nicole Jackson
149f0666-1751-44db-890d-5aae0af63438,Karina Zimmerman
d6530104-53dc-451e-869e-4a6d79afc2e0,Julie Barnes
26edd724-db2a-4789-aa7b-a39b13acd78e,Matthew Allen
2b3a0308-40cf-42b5-a2a1-23416bf94f7c,Mark Jenkins
03b2978d-07b4-48fc-bed7-88731de74007,Jennifer Manning
835033c3-8afb-4b58-ac5c-807b74bd888a,Kelsey Miller
8f24730b-ea3c-4e36-875e-8a987351f275,Casey Martinez
5e0d354f-6119-4fea-9134-9e72f9ab1562,Michelle Sheppard
4ae76d93-0bd9-43cf-98c0-168f92078594,Kathleen Rivera
e99e0aa4-0ed0-4312-b1be-aa53fee78e8d,Allison Clark
133cbaf0-ae07-4ef0-9cd4-abaf60209100,Samuel Stout
a68be9ef-c159-4575-a8c1-d92490e1723c,Ann Dennis
153449c1-cbcc-447f-8501-8c04794a6e9c,Christian Schneider
f525536e-be68-4659-8ead-84868188356e,Bethany Baker
8734d414-a2cf-46db-a58f-e55830b39531,Karen Obrien
6aaea0e2-5e1b-48c4-b7ce-2162de66ff53,Matthew Stewart
fdab0eff-b775-45d2-9819-e8e5bfe8d56f,Michael Cobb
651754f2-5111-4d76-9309-aa24f22ea925,Sharon Marshall
baae3e71-baaf-433d-b7a2-2614136207a5,Victoria Edwards
d2feeb89-2d96-4213-ab68-c99b16145a77,Steven Brown
d3e5c657-74c7-4845-9a2e-ccc8f4944df7,Jeremy Hernandez
1a9a15bc-7092-429c-ade5-a7509c147f58,Terry Obrien
8aa93116-b1b1-4df8-8ec9-e5c3bb52c6a2,Ronald Jones
4b7df75b-d819-46ef-9b0d-5555340b0dfe,Samuel Washington
ea8d1680-22cd-4993-84d4-a943c0141aea,Glen King
f55675c7-2c11-4c20-ac87-65cfe7d93db3,Susan Lara
89602431-3433-4196-908f-1309ae77e6cd,Jeffrey Silva
5e3e3299-8153-46ae-9024-da5b89efa926,Pamela Peterson
41a847d6-6377-4d1f-9a64-2ced6b7ea4f4,Barbara Jefferson
c14a7894-b966-4789-8cd5-80f8d07c149c,Sara Henderson
0a745c71-bcea-4f32-a45d-a3aadf99c73e,Daniel Coleman
dab48826-056d-4e62-af7e-21a3105e7467,Elizabeth Chapman
04d89bc0-6e95-48e1-a1c4-589e22766ad8,Brian Velasquez
c6125267-f3a7-4fa9-92d7-44cfd4497ae6,Stephanie Hanna
346d3da7-72c0-4219-8b8a-06df7ca3199f,Michelle Wiggins
f0942ee5-7d76-467f-817f-572a88be451d,Richard Lee
5a24cd76-7ccb-46da-a547-9fe68c6a32ec,Molly Smith
20f4c9a7-fbb3-4b4d-963e-02b81f56f840,Leslie Cruz
f8b4849a-4b14-4e9c-84db-f159c3921c92,Andrew Aguirre
1e0b82d3-de34-4a18-8a1b-36028c3a4def,Danielle Lewis
ce197a10-7183-4987-9721-4bd40d097bf9,Rachel Graham
3c245c7f-ccb8-4f7e-84f2-0be263566284,William Oneill
28624386-1e34-42be-9f99-29a16c8cfa00,Ryan Mclaughlin
bd383b01-e7a0-4c30-898e-407b919c79cd,Lisa Townsend
e1a8968e-3f4e-475c-bf83-0bd50c7c02ef,George Cross DDS
4dfd579b-3199-4027-a993-d222b68df974,Kyle Martin
9b1cedb6-e92c-4aa6-96f9-3302b45ccbdc,Rhonda Gomez
abf9e84a-f171-4102-be0a-c0d1458a302c,Ryan Austin
e99ab043-ced7-4361-94c1-7c813aa020b4,Jessica Wade
c4c540e5-4ebe-4569-8d40-268d9c126135,Chad Walsh
c70fa4d8-29d3-4eb0-9ed7-0e7e97ff4558,Karen Garza
a237254e-c899-4308-b1dc-fe644f6d6316,David Grant
5a5169f5-d278-4418-bfa8-5763b38531d8,Jeffrey Love
34b6e31a-6484-4393-9cb8-af981cbf00a9,Lisa Snyder
3c313fa2-4127-4b23-aa6d-b1b3929d8aee,Michelle Gaines
c3bdf0fa-3948-47ad-8c90-f357721d3187,Debra Simmons
b734e131-9e37-4d78-94f9-eaf648543d15,Sarah Thomas
6e5f4242-baf4-4cd4-aa5e-2a6890aa332d,Michael French
be37e27c-6f39-4d4d-a8ed-9465a4287990,Gary Kirk
86d20c56-5d54-415c-973d-540a21ce48b6,Dana Mcdowell
cf90a42f-9fb0-4d0f-ae79-02b0fd6fb452,Kristi Washington
6113aa7e-ed54-41a6-b91b-efe10fed92ec,Mary Vargas
47aebe56-4a43-4a36-890f-1c7a2a399d7f,Jessica Lewis
66ef432e-63d1-406a-88a0-680b8629c749,Lauren Rodriguez
dee5dc7a-47ff-4111-944d-db7fab8adb8e,Michael Harris
7add746e-eb62-414f-96d3-f1dd17d164a5,Patrick Knight
c7f33b61-a7c6-4b9d-afe1-124b495413f9,Stephanie Adams MD
46b05038-4c5c-4c6a-94a3-861ef9a971e2,Julia Henderson
2097d577-bb2b-43cb-89af-0625fea0eb74,Kristen Acevedo
46473b0c-0fad-4638-90bc-928c3fb1680c,Ashley Davis
9b6938dd-dbbb-4daa-a9e0-2e301030b90c,Donald Robertson
5080a209-e0cd-41d0-bc17-a5cfc9fe4d98,Melissa Mcknight
397f0563-d529-442a-b1a2-848e096acfe3,Jorge Ellis
d32d7ea1-fb8c-4af1-9c93-13f96afb14e2,John Henderson
cd02dca8-88cd-472a-95e7-298d9a6f05c0,Lindsey Salazar
68eb6269-8600-44c8-84e1-7b2c4180de16,Steven Walton
7b4d1f4d-b0c0-47bf-8952-43fad72371ed,Cheryl Howard
04c79156-2d29-46d5-ad19-1cfd8a5ddd60,Michael Baxter
dca61d6f-a2fe-4ccc-889c-9f2b7053348b,Jasmine Peterson
ceec7e72-afef-4167-8e7e-283b84f5c76a,Lauren Jackson
c4cd08a3-9535-48f6-8803-51b49a431ce8,Catherine Krueger
99f8fb1d-5b90-4e20-8295-8828e46c95ed,Susan Humphrey
f1bf9655-6115-4270-99f8-7079f91c7e83,Patricia Patterson MD
ddf60894-eb4c-4ac5-a94f-e7bc95d08030,James Ramirez
66d17298-d192-4bf7-84d0-a358cd59aab2,Rachael Stafford
eabdaa68-1a2e-4b78-9ca5-f6fe21f02173,Lori Rhodes
f0cb9b98-be39-41ac-9eea-bac7b2c0c7c8,Ashley Anderson
8f52872e-1745-4fb9-91e0-1946dd192454,Edward Mclaughlin
1100c96c-9822-417f-abcd-629a7aa9e520,Melissa Vasquez
0d3ea14a-cd74-44d5-a080-6db9d3b2b787,Emily Farrell
14907dc8-aa09-4f79-9609-e1f1131cac9d,Nicholas Ballard
27bf1ea6-295d-44e0-841f-7f33226df573,Brandon Duffy
a2f274ee-02e0-4e6d-b045-40fea6fbc5a5,Gregory Good
11ac2347-8ff5-4c0e-8790-0e41464aa855,Jeffrey Cannon
42433d86-dfc1-42f2-9c1e-812cc833eade,Sandra Myers
f26aea94-1d4a-408d-bf73-38928f525263,Sarah Yoder
b655a8ff-d738-4024-bd09-0ddb06630c91,Timothy Clark
d434ad8b-8d87-4b36-9977-51279ea666e4,Sara Spence
9e1303bb-3e9f-4826-bc70-08328060db26,Dr. Tina Thompson
ba02b37f-aa39-4ac4-aa67-a27b8ec759c7,Brenda Daniel
e7442962-0fac-44b0-add4-eebc3bccd2ee,Caroline Lucas
4c92fe31-991b-45ff-8aed-34a29cc06b55,Kevin Elliott
6f74fc28-450e-42c3-b9ec-66c28669e56c,Cynthia Martinez
ffc3a3e4-e693-477e-8423-dee4d2e07460,Kevin Arroyo
80203c1d-8dcb-4e20-a5f9-0bacb3a4c636,Natasha Thompson
adf79f32-1777-4bb9-8e88-88db50e09686,Matthew Walker
414e6d30-2e45-469f-8740-e0ea3f36a5f0,Courtney Dunlap
80e29f15-f506-490f-a7ca-5653e96c00a8,Dustin Sanchez
1f2f241f-27e7-4f52-acc7-4d398385a907,Philip Lin
efe81a5b-4c22-4475-8d56-f414fb8d4e32,Michelle Williams
22e19f5c-15db-4ad4-9ed8-f65a7b49eb8e,Sally Olson
3b44b20b-be9a-42f7-951b-896b8958af01,Theresa Pennington
b4ab6106-f4a2-460c-b58d-44ce7defc1e6,William Hodge
5e757844-1f40-470c-8ace-26e13253fd97,Sydney Weiss
47e91db6-06e7-4a18-9bcb-8d9502a5e48e,Dylan Dickerson
8d5b2c7d-ab43-4a49-aa74-034a985a7aa6,Alicia Holder
e836d2c0-051f-4caf-b740-3f07a33f2a36,Elizabeth Snyder
98e59782-e966-45c6-ad67-4f91721ffe80,Mr. Nathan Petersen
57c64678-439b-4abc-93f1-d30a1957921e,Jessica Heath
8aecbfec-98a7-4c85-9bc0-4563a36212aa,Thomas Burnett
4821976a-536a-4dc6-8479-c4f5b7816ffa,Patricia Smith
e697345b-cd2c-44a5-a92c-0265c181a49f,Nicholas Jones
2de4acac-dc88-47b0-b44d-cda347d2ca46,Laura Sparks
56141e02-073c-4f11-af7f-876b6672434f,Wyatt Carter
3d7b983b-9604-4154-ae76-5cab58f08f3a,Lindsay Shepard
2630c667-f0f6-4b45-ad9e-e031b2b8d50b,Daniel Wagner
4cecb9de-d4ee-4e74-b4dd-938b0ea1e4c0,Shannon Yoder
7f259284-84a2-4e7d-a0a8-ab41c263d864,Karen Oliver
7566e19c-ca80-4c3c-8ec9-88e8f534dde2,Shawn Stevens
0fb5b37e-605a-4504-9cb5-673f62786c51,Melissa Smith
af9fa7ea-cf76-4900-9c8d-6e86fd99ca9c,Janet Stein
2f135297-9a17-475b-9fb2-e05c9997f46d,Brittany Hernandez
cf6f7a7e-98b3-4230-80f2-ca8c6c0e5f48,Lauren Ward
3827a6de-4343-4043-b252-2a84b6e5ef0a,Dana Wolfe
26999975-6eaf-430c-b9ad-453faf4d7fef,Savannah Nguyen
765a44e8-3e99-4b56-88f2-fc73588dbc20,Scott Ray
1727c903-f5dd-453b-8c76-ed430935956c,Frederick Singh
f9e1db1d-ffa9-49de-8a60-c134859b9e24,Christina Williams
6e65faa9-7f4d-4518-bf4d-6aa425501b8d,Stephen Sloan
86f7e823-560e-44fa-8517-3c09fafeaf6c,Manuel Mooney
8517a02c-77fc-4d08-a05c-b5a4e8571e92,Tanner Collier
31270c7c-f473-405b-9057-97c04c0f8938,Brandi Douglas
9d9c2ae5-0250-4011-8143-77c033e300d5,Kimberly Evans
b6423620-e7fa-4923-b020-3c739a3535b4,Laura Jones
cc628c23-ea1c-4f5d-bcd4-8729adbe932c,Alejandra White
58973880-d0b2-4d02-b71b-4042d0d29c23,Amanda Vance
0952e3d6-198a-4863-854e-d5c268ebdc66,Joseph Heath
74590148-8251-47be-aa3c-d801e32b1ea3,Sarah Miller
af8707b0-ab26-459b-a7bf-7bcea0811f3b,Erin Garcia
8deaf9b8-408e-4ff0-bd76-3783f7d3e783,Michelle Herring
be244162-b81e-49f9-8380-8264c005f32a,David Curtis
210e40a9-32dc-4863-8260-04acf524f4b9,Carol Vasquez
e2e9f618-f2c7-4de6-b186-1a18e62ec83c,Vanessa Hernandez
a52fe1e0-8a1b-47c1-9fed-ca94148a5ccf,Ashley Lewis
f2b3f5f1-3adb-4d59-9a6d-8f981e613191,Lee Miller
07b06127-6406-48f9-8122-8f1920506cf4,Keith Perez
a51a7b9d-b511-4950-b9d1-43283e0db186,Claudia Jones
427d5e15-738b-4215-9a64-c19cc774e4b3,Melinda Torres
425f67a5-805f-407f-a32c-18e5451ff8ac,Tracy Powell
f4a2e295-7e64-4e30-9d94-c7fe1fe878b7,Lori Murphy
d71841b2-1448-4f31-ac91-72913d23b4ce,Robert Williams
bb1311a5-f6d5-4529-b674-1506908f9bb9,Joshua Martinez
c135302e-3b7f-4749-9a2c-2f4873cd4566,Daniel Kaufman
7ff66cc2-7b28-424d-ab0f-f59ae2e3c2f5,Alejandro Adams
e88cc489-f0b8-440f-bd08-7a94eaae24c6,Nicole Bishop
d1b228e5-bc4f-4e77-91fa-ffa7a0f0e3cd,David Gomez
c0e293ba-ae7d-4186-80b2-a4985bc5a0fa,Andrew Rosales
9f861a70-f5a7-4d68-8e7a-1cc7cda83cf1,Cheryl Patel
bfe394df-023a-4a08-98e8-3a34ad85ea98,Monique Evans
ad26d724-3187-4d94-926e-033b51b1252b,Jacob Lloyd
b61d3b4b-0a85-48bf-be90-e6a7c74d0331,Jason Clay
907757a8-ba70-46f7-8eb3-6d1c8a880c8b,Anthony White
1248d9a3-6205-4279-bf8c-caa6bddce0ed,Elizabeth Cole
77777f0c-b4a3-4fbe-8e9c-25099fe75645,Martin Greer
09dd708e-d3af-485a-a112-03d91548408e,Audrey Campbell
5538f32d-82cf-4d69-ba97-8dc11733a4ce,Vincent Rogers
8bb7f923-3aea-4570-b04b-42ddf0f2a812,Darin Burton
eb19d81c-f81b-422f-be60-239f23f7e4e3,Linda Carlson
6229be87-8b37-4b5a-9611-0624f03ef8fa,Zoe Graham
c8a7c5f7-9fce-4776-93e1-5535582c205f,Krystal Mason
db4883c0-7fd1-4dc8-9993-f9d70e00c12c,Kelsey Walker
30dce2b4-1ae5-4407-ae03-10b6d5d116f5,Samantha Humphrey
1fa31792-ac54-4d77-8a34-58c349a2a864,Ryan Nash
d5544a26-7b99-4692-be38-f5ed18114355,Christopher Thompson
f7edeaab-aaf8-43f1-a016-31086f44ab48,Brendan Rodriguez
51f508cb-3ad8-4fb9-a6f2-0260c180728b,Adam Roberts
89b2ff7c-b664-4342-b788-44e6d46e7d3e,Charles Howell
988400f4-0e61-4e9d-9570-7da3489c1244,Natalie Pearson
ff462d09-5147-41d4-b19f-c2c5bb143646,Pamela Rosales
322fb1da-ecfb-4cca-93c3-d20d3db64dd9,John Gross
1c50f3df-5ccc-4fd0-9bf5-20b209d9fdcc,Amy Robinson
595c1712-e3d5-4a43-a88a-7e48160e6a87,Judith Swanson
df80a9f5-a93c-4b71-86b8-343e87319ef8,Stacy Ferguson
67ca912d-041b-4c5e-b208-e5d11a41a22d,William Reyes
b76e2e32-91e3-4104-b90b-fa20a49b3f35,Michael Steele
0cd17c6d-8a1c-4f2e-8444-8c05133c9b6d,Calvin Strong
828f2944-7584-42f1-8c3d-dfadeaf412ca,Monique Martinez
9312d0fd-1a56-4666-aaf4-4a824e029f1f,Andrew Hicks
704bb5ad-9f02-41a6-9e3a-99972235d9e9,Matthew Sullivan
aff5a8a4-1baf-434a-a3d9-77a0f0543b14,Vanessa Jones
5c721d39-89f5-418a-a29d-edb522c0d654,Nicolas Kim
ee11057a-4a40-474a-a57b-930447a2aed9,Matthew Williams
4b3f7259-3c9f-43fb-a93f-7f2a742d5a99,Kaylee Pena
33d86945-1b5c-43c9-b96f-3297f079f7ab,Kyle Saunders
c20de780-7ecb-47ea-9b81-52776dd5d9ef,Patricia Johnson
68184bb4-1e51-4e9e-8d3a-5720491c62af,Mary Alvarado
de1927fb-6f71-4c05-a413-f25b74929f38,James Anderson
6d07d5a8-9b34-4600-8aa1-18122be79333,Fred Gibson
a1a311a2-6046-4e42-aed2-f8285b9aec22,Hannah Anderson MD
277f9654-9dc3-4488-a9a9-2c5f68aabfed,James Mitchell
54d6e0a3-89a1-4e2f-8a67-0d90a7f08ea3,Charles Edwards
16ba2a09-83e0-4b1d-b3c8-fd8e07557a30,Kimberly Rodriguez
626b90d1-63ad-4d8d-a8d0-2cd17e87922b,Madeline Smith
feb0ecb8-4d97-4fe4-adc1-6d17ecd5f4ec,Adam Rice
7d335935-ca18-4917-87ec-f4a078ffa392,Jacob Mosley
33a4dd8b-07a8-441c-8c97-774aa54ef403,Matthew Reynolds
aae4e04b-1dcf-43a0-a137-d02ecca5108f,Colleen Johnson
f647d947-29ba-4a38-96db-54b013b9bf2e,Kenneth Johnson
3f193d02-b439-4401-9563-dc3005b46728,Nicholas Colon
a107cbd6-9835-4286-a456-06d9e60b9a45,Teresa Humphrey
82e48426-2881-46f4-91c1-383b0cecc303,Darrell Cox
1aca68e2-f4f8-4046-a4ec-34f1acb2bf7e,Christopher Haney
93a5a199-26a8-4f69-9265-048fd4119f8a,Jeffrey Boyd
edf16227-4a00-43ac-aa16-4c01bd4bb6ff,James Maxwell
d8257b6f-d878-4f7c-a6c3-a633aaa5862a,Susan Hernandez
99662053-fe65-4b06-8e8f-2b6237d3e2d0,Susan Johnson
77a6c46f-f17d-4858-a70d-1c753c9e344e,Natalie Hatfield
beca9e9d-c0e4-49e2-9687-2511f1dbcb5a,Clinton Knight
22fe1449-fda0-4327-b603-856c0ddb1d20,Steven Hall
87a06cd1-933a-44fc-b93e-249e6e3ac245,Angela Robinson
2a7a1218-4767-46ab-a025-715a68850b38,Taylor Smith
6209b54c-517e-403d-9060-2e10d5079c69,Victoria Russo
56680110-92f6-4342-848a-d8b50677f8f4,Ronnie Hammond
66f65402-d87f-4f9a-b0b5-fd608c76d454,Natasha Montoya
d6703e36-de10-472b-887a-74f91fdbab40,Melanie Scott
ef324fce-c20d-4719-8449-391fdb6d0e33,William Ayers
8af56002-c047-44b0-8322-7dba7153fa5c,Kaitlin Hall
e57b1471-60da-4a4e-a746-6b73e6caf816,Paul Green
69fabefb-b07d-4f83-8875-85ed663ce8c3,Pamela Davis
fde46d9e-6184-439f-908b-4093e671231f,Dave Murphy
04eb6a83-d036-4952-86cf-c0961982352b,Paul Cohen
dcf7191d-53dd-4813-811c-40e2cbf576ba,Kyle Evans
faf6adda-b78d-42ae-a6da-baecf0f60efb,Malik Cain
4239c251-198b-4574-8990-30b712ab4d1a,Jennifer Atkinson
9ddee948-3ca6-4c47-b1ec-0202ee258251,Matthew Harper
c2cea0c7-940d-4bed-a6d0-65c0af474888,Michael Rodriguez
c81bc8b8-9337-4e26-bac8-87c1938804f7,Rhonda Watkins
8b5db672-ffa2-487d-a4aa-4f766a204e64,Benjamin Rice
01b33c34-7d1c-4fc3-bee9-a0e3cba16888,Matthew Morgan
c3af31a8-fb87-4454-994b-bee4bab8433a,Nicole Morgan
237d7b73-78da-4be3-a986-da4cc58f54fa,Nicholas Cohen
27a35ca0-bf3f-4827-8b35-beffca4c9925,Mrs. Denise Allen
d51146e1-2e8c-4778-865c-a918fded9320,Kenneth Holmes
424ffba2-0eb8-4089-8d8e-a116456a541e,Daniel Stevenson
76a64d8d-4116-4ece-89be-7e55ca7e7342,Gina Bradshaw
de897e68-b0b1-494d-96e6-6c09e11d0c9f,Melanie Ramirez
e8174f03-7356-4ba6-addf-3407320db0cf,Adrian Harrison
309ac63f-708c-4b1a-b343-b0b4dc2e7277,Chase Rogers
e7396ce0-fca9-4bd8-9827-a3e0d3a68a85,Jeffrey Browning
67056c9e-de06-4c67-bd94-690aec129189,John Nguyen
0fe4e486-5af5-47f9-9d3f-de81fcaa4f91,Joshua Smith
2e535d04-e513-4a76-97ad-c0d5ade5bed3,Jennifer Davis
014af644-877c-4a10-a9b7-4a9f744aee77,Greg Acevedo
ff7e00d4-6983-47c2-b9af-896e1625d92e,Stephen Solis
ae6f72d7-90e1-40aa-8dae-1f5068aa4db2,Mr. Christopher Price
d090b8a4-79d0-4058-9206-f00434f4eaec,Aimee Oliver DVM
3a78b664-660a-428b-8b81-13b627b7612f,Wyatt Hickman
ea805978-0b22-46b3-9db5-4bd6a6b171c3,Charles Romero
a755f7a5-67d5-4d96-a899-515b714c5bbf,Jessica Duke
3c2e3f50-4df4-4149-96ae-6b881e3642be,Laura Powell
de66e190-badd-450d-a715-0a62b3087c4f,Bridget Vasquez
dc36228c-cb6f-40db-94f4-e565db2ff6c5,Jeffrey Durham
639bd368-4de6-4cb6-a0f2-64ea08d0e5d6,Megan Faulkner
c6d2cd63-1458-4a2f-848e-645276f76501,Jody Foster
bba42214-f882-40db-87f2-bde04bddc288,Brian Sweeney
914aa533-afc3-4a3b-98db-b1c730401893,Dominique Reed
a1e4e64e-2072-427c-808e-275ca9e92001,Michael Santiago
20c14401-b4f6-40ce-9d59-b65343cf096a,Ashley Miller
a81792f7-ba70-4eba-8583-20d38298fbab,Norman Martin
75000a3b-e871-4eff-a8c4-78a5d3874528,Vincent Carr
20b3fa72-7ae2-4a51-97b9-32abffbe90bd,Benjamin Salinas
6ae9dfb5-594d-4ffe-a488-4c0e928d8a73,Emily Parker
9078b354-ec23-40ce-9c0e-9c54f1bdfc9a,Ellen Henderson
8436b36e-0aee-4a2f-8114-4d55695e34ce,Allison Young
6cbaa7f7-fa0e-45ec-bd4c-c283e82217a1,Tracy Garcia
781d08f0-89f5-4de8-bb69-5f2193fc4ddf,Nichole Garcia
b787e1d8-afb2-453e-ab27-f04b2f6adf79,Logan Livingston
963950f6-d362-4b73-8873-9c5b6b90b48e,Jeffrey Ball
5ceadd7f-f977-4115-b22c-5cfc579d3b6d,Roger Campbell
9a119c78-ee40-44e8-bf64-dbbf0db8841c,Jeffrey Torres
db943091-2c8c-4f05-abf8-a164a5b5d003,Christine Gonzales
ed9e2634-f2ba-43f8-a7aa-e8ded3d40b92,Jonathan Davis
bd8ffb91-4d2f-4738-a6a5-ddd1de9745e1,Diana Robinson
9317a913-ab77-4376-924c-b887414d3598,Jon Heath
8e9de085-669a-4185-9f9f-3538d14a6a63,Joanna Hodges
4872ef76-8ce9-4d20-814c-8f933428f3d1,Kelly Wells
35c005ca-fb21-41fe-9ddd-2f0fec34194a,Heather Lara
b71df126-c296-4469-9590-78dfb7ab6644,Christopher Holmes
05494a93-364e-4e5e-89f7-c7067764099b,Gary Ellis
c60a8361-59b9-440d-bb15-6ba419b757e5,Stephanie Castillo
9fb7a2c3-5283-49df-b573-ed57559a229e,Victoria Terrell
b5062261-4326-46a5-b2a3-8a1e4753a1b1,Nicole Johnson
6482568b-3493-4258-b051-9e6dd6fa6e2b,Carlos Campbell
226c5c4f-e32d-473d-a8c2-40bcac70fff6,Lynn Smith
0b915fdb-943d-482d-a695-a64222352228,Richard Jones
bf903c80-421b-46df-804e-79aee1837c0d,Courtney Martinez
4852260f-6189-4e67-bf3e-62f12a6022be,Margaret Hart
7516ba33-dc53-4598-8830-c60759f7207d,Michael Davis
69f4659a-60cf-42f8-b4f7-56be8702ce37,Brett Santiago
d983cfa3-81ec-48dc-a7de-0adc73493388,Diane Vazquez
569c091a-7cff-43e0-950f-7b36ea2c37a2,Cheyenne Briggs
27a23401-bc4e-4aa8-b82e-f0f68bae9ecd,Christopher Hart
6aef6dee-46f1-4e7f-893a-4201b3acf97d,Richard Pitts
54fe33a4-b345-4c1c-8cfd-6fcca36fce95,Rebecca Flores
087e4aae-2f68-44a2-ba59-eb167a3a92f0,Denise Clarke
10d59049-41ca-4ba0-9b78-bdb909840b80,Rachel Sutton
7211db8a-eea6-4858-a917-23d41fb9dde4,Holly Harvey
09f72539-7e63-4310-9b89-ccdd1dec9b11,Sarah Ibarra
08f7be6c-d1d2-46b4-a5b1-813267c7f297,Johnny Lynch
6cc1f429-e600-46c3-a8d2-a874bf2c723e,Michele Moore
246f9b31-8292-4d9c-9698-c5d2b0e71fae,Charlene Henry
048e9594-4cbf-45e3-9784-217d6c824571,Peter Ross
137f5d30-9eba-4246-afe6-183037423980,Ernest Martinez
a5ec5d4c-de06-4e40-9464-70d14fd4e592,Elizabeth Lewis
16936ec0-ab43-4f91-bbf9-3557e0770cbb,Jeff Brown
47870fe4-d365-4433-8a49-c736c5ae8903,Erika Roy
3f8c5fe8-f5a2-4396-983c-ba965b6224dd,Brett Allen
bf09fb7c-bbc0-4d5e-802e-643b290423f4,Melissa Webb
9206aa8f-d824-4300-9825-f8841beafc83,David Black
387c1682-8bd7-4a0c-93ae-fa9c2d379199,Shawn Rogers
d7f65e3b-203f-4f24-9ae7-bcf02741b3c5,Brandon Alvarado
c8fb463d-bc2d-4df1-ab27-f9a386901400,Jay Cruz
34dd5f93-b842-44ce-9d23-832cb9958edd,Gregory Garza
dfe5d914-af2c-4786-ae1a-d7a2a2a060d2,Howard Copeland
06344127-b088-494d-85ee-dadb3a30c1bb,Steven Flores
9d294dde-6a2f-42fb-8e94-b7da71722d7a,Rachael Hobbs
6fe5420c-3802-4787-8b24-a1a712b6495d,Jesse Moore
9f55e0d7-0724-4e17-beab-d0b45d8df2c2,Michael Schultz
3f7f17aa-539f-4999-a76c-2a11e1707c88,Caitlyn Hill
8118f85e-cd2a-4d0e-9bdc-4e64bb2f8a3c,Brittany Reed
116dac79-8e2b-4319-8ed3-2033d864ca75,Debra Hall
a4221118-e2c7-4d77-99b9-785eed8ce92a,Alex Taylor
eebc88cf-95af-430c-b23a-e78a4ef72d0c,Justin Leon
a265f5e2-e24c-463c-92f7-3ecc23ee74db,Amy Wolf
5895f9f6-cc8c-42a6-bcb4-cf36bfaf1924,Andrea Bentley
80115c74-dd94-4b93-9717-cef928d09e23,Kimberly Barnes
3901a3c6-be1b-4a5c-a135-9f79ea03af7b,Bonnie Jones
6a08d322-5771-4d3c-8faf-9e34d5340b6d,Mary Dunlap
e5a94639-f6a9-4968-8e4f-9ebc9f8a8478,Brandy Harrington
b8ba88ed-a8aa-4fd5-a2c0-f306ca14f85d,Mr. Adam Carey
f92569e4-2d9b-45c4-bb17-beb1e435c465,Connor Hernandez
1cdd3998-f33d-47dd-8181-256ba0b2eb5a,Jessica Robinson
e20436ac-713d-4508-85c4-0fa9d79d8ad3,Mr. William Baker
642fa5ee-e833-4358-b8f7-d46054ef4107,Jennifer Sheppard
899b61cc-d789-4669-a7f6-a531c758e774,Robert Phelps
74a08cdf-c4ff-4b49-b5b4-15986ba6af6b,Ronnie Knight
0f0c9e90-19ca-4f48-92bf-d38cf41c0f6b,Kelly Bennett
c7485eb5-8f7f-4127-bcf4-d06c5ecea257,Vincent Clark
e4069425-40c3-43a8-8520-684a7cd17860,Angela Hebert
459d0d59-30ab-440e-91c6-7c38640f6f0d,Dana Smith
10ed9cf3-06d1-4505-8d69-92fb9e873889,Michael Carter
648b51a9-a3d5-44c4-9ed2-d3a73e2fca0c,Ruben Bennett
7a12aaa3-5584-4a9c-a170-44172dd32c72,Maria Morgan
8a559128-5632-4bfa-a455-27fee64442c8,David Hammond
f9c5e9c3-7de4-4c9f-a65e-2a2a91fb7651,Gabrielle Hill
6f281a73-4b56-4e5d-8f5f-55373003ca03,Carolyn Carney
6b629da6-22f7-4ede-aa0b-8f9bed4f7319,Brandon Ford
2d2a0d42-96e1-4adc-b8aa-78c6700caef9,Trevor Gaines
72347e43-804c-45f1-8018-f361dcd64ab1,Gina Porter
68b7afda-83ee-421e-8956-cfaf50c2e469,Victoria Cameron
25299a36-61aa-415e-bba3-3b14f8fe038c,Rodney Gardner
929c8812-56db-43c8-a480-d949e8a10ac0,Corey Calhoun
d0c34ac1-315b-4fb6-80d6-865674e26421,Valerie Howell
91db1960-29dd-4420-9dc1-be2ebe61af83,Andrew Anthony
384071c8-b143-44b3-a6bb-695c27fe25e5,Troy Lane
5d53bf8f-5403-44d1-b76d-ea888f944896,Victor Reese
0702df4b-5d90-4cfc-b879-a9436cb4cc32,Gerald Castillo
403a2cef-717f-4575-869a-de4061472f97,Lydia Williams
b924edf9-86c5-4d21-82ea-68fb96555ad2,Laura Reynolds
b17d610e-cf95-489a-8235-702480efec7f,John Pacheco
7898f3f7-6839-42ea-bc79-ec9496e9afc5,Tony Mendoza
3656b2f4-2651-41a7-be0a-633cbbb15281,Dr. Bryan Flores
4de8b11d-fbc3-4c13-ab6a-074af5729aa7,Juan Walsh
3428d6b8-6428-4b18-8808-681251575a3b,Manuel Price
76918e3b-adcb-4af0-b6f4-e292fc89253b,Lisa Ramirez
16d81c3e-bb20-4bf4-bfde-c71814948d55,Richard Hayes
8d700f2d-8bcd-4703-b373-0f5210662315,Jeffrey Barry
70410ef1-6b8c-45df-ae88-793e2546ba50,Kelly Lopez
1a2bb759-9bbb-499e-852b-4b06eea3e147,Michael Martin
ab6fa1a5-7d00-4981-8da9-26dfbf360230,Ryan Davenport
6e698e85-191b-4daf-b0d8-ab234efe70c3,Brenda Miller
58882f2a-433d-46f7-afa8-956779bad207,Dennis Johnson
b35c5267-d5c3-41ee-a588-823f435d81bd,Brandon Espinoza
5d969d8b-b500-4377-aab8-6b2256049663,Andrew Foster
5f295a85-fbb7-469d-9faf-c3a89335e0d8,Thomas Williams
6260731e-73c4-4e7d-9a3a-83b7e0a6bd98,Stefanie Stewart
147b4a4f-6998-464f-857e-67bc0d05feea,Natalie Johnson
186ae14b-a3bf-4bc4-a30c-225e2d4665eb,Amanda Bates
79554974-a39c-4e58-83e4-301d8904c7fb,Tyler Evans
40bc62fd-0b8e-460b-bee1-fc8458a910e4,Sandra Crawford
1949e056-3469-42c9-8610-33080205c698,John Lowe
5cd77933-2204-4faf-8a10-1838cb4130f8,Heather Ritter
79d52661-e909-4745-b792-4e305b861441,Melissa Austin
27a82640-e76f-40ca-9eb5-49f106c9f858,Joseph Robertson
ff828111-534f-47e0-8180-1edb6bd7f1f4,Kimberly Cherry
2cd23f6b-aae3-4cc2-99b9-b744d4383b3b,Matthew Green
848dfe2d-62ae-415b-8731-8bf5c7aa6af9,Heather Monroe
7b104c97-8a3f-458c-aa5a-bd26559db3f6,Melanie Roberson
4cae6b7b-1eaa-4cac-a34c-8a1cfbf8de45,Mr. Brian Wilson
662274d5-cfce-4785-bf7c-46334814890d,David Foster
3b741347-0e43-456c-9504-73c81f37fc8f,Heidi Miller
9ed94666-2b84-4e10-9bc8-61f703a7c2f2,Lisa Mason
841466f1-0cf2-4148-a9aa-ad0be2b7dd7c,Lindsay Noble
fa42278e-6456-476c-a5bd-46b17769e07d,Jessica Best
fea26a6e-0f0d-4bc3-9981-5f2317fb81a2,Nicole Russell
eb2d3d47-7102-4f93-a535-864f7d1f5928,Larry Gilmore
298db7a3-d052-4340-95d7-7b1956a65ca1,Emily Bennett
8c07a597-f7be-4e64-9a37-f46f8e15f87b,Grant Poole
926c8bb6-9990-48c4-b7d5-f6b480334c6a,Stephanie Price
f541b0aa-cc2c-4dea-a5d9-0f7ad390cd8c,Stacy Lyons
5d9970df-e532-4410-aba8-4db825c608bd,Omar Tyler
8b9be666-d0b3-4247-8bd0-70b5f203c0d6,Matthew Zuniga
3f687238-8dd3-4ed9-899c-e8996df4c823,Amanda Foster
f885f54f-3906-4a6c-9b07-93608ce17576,Jason Chung
726789e3-22e8-4810-84a8-1b509f41cc23,Shane Barber
cab4a3a1-d88d-4397-9872-b48ae17f8e77,Margaret Lopez
30061498-384b-40f1-a010-327774a0e301,Stephanie Koch
df35a9a1-d60e-448a-8cd8-eef1da97db8e,Bryan Bell
719a42f4-a4c0-40c5-9038-777c56cbd640,Nathan Cox
1d92865c-e8d0-4fc4-912c-ebdce752f314,Julie Wyatt
6fbaadd7-e5d6-4110-9c11-2264fd5195c9,Noah Jones
a61032b1-2896-492b-9b8d-363535c2fb98,Anthony Jimenez
e1192636-23c4-47f6-8e0c-519dba8cd800,Don Duran
0fe281e0-79f6-408c-91e3-292fd6d2392d,Theodore Anderson
e039cef4-00f4-4667-820e-c03355cab660,Matthew Carrillo
ae89bef0-8e52-4887-a854-604a62b88875,Jon Rogers
6de4c8d3-643e-464c-a5af-477101853ee2,Cynthia Thomas
2222c1d1-d271-4e01-af8b-692fede329be,John Kelly
da42ce24-37e8-40b7-a170-726962357186,Cody Perez
1702d4f6-ab3d-4ba8-a47e-eccc9eb6deb8,Trevor Pierce
de39c19d-e875-4baa-882b-8540b509dcc9,Stephen Acosta Jr.
9d661a29-56bb-4ac6-9841-7ccf28f9effa,Douglas Johnson
90a5779f-7fef-464e-b06b-ed42dbf1f191,Gregory Dennis
a261001a-0e4c-4bed-8b25-dde27222bf69,Jennifer Miller
5cc33ebe-b2b9-480f-b345-7e160eb5b3fd,Sharon George
99eec617-f97b-4dba-927f-85a624edd5e6,Deborah Jackson
90118700-421a-4ac3-bd30-9411180b22cd,Dominique Gray
fbad8c77-97a4-4b21-b7c3-089792b68491,Christopher Mason
b5336206-2e94-4643-a505-4126c357902b,Andrea Rice
9d432653-2d23-4c09-b0d2-16a872ae592e,Wayne Baker
6a2729ed-aad6-47df-bedc-90b5f8c33694,Jessica Cole
b3d08bf2-2108-49b3-9e80-1628c0b7485f,Ms. Mary Parsons MD
1d64f8b2-01ab-4e34-84a4-ae0ec57b4a76,Kathleen Sawyer
ff558f0f-6028-4154-b3aa-74316b1bb930,David Sharp
cdd516ab-e01f-4658-bfd1-a924d5bcefe0,Rebecca Rich
9886387d-ad24-4411-9129-a7b69221d994,Kristin Frank
8b2af39e-c359-4082-92e8-d1784b66e6da,Natalie Wilson
d8140274-f025-4017-bf63-4544ad18735f,Elizabeth Lynch MD
364d9462-9113-4269-bb7b-e1aa74d60f17,Ryan Serrano
9de73c5b-12b2-41f5-b60b-59317c91e549,Dr. Shannon Carter
06b415ad-d505-4231-a89f-f8501b932174,Brendan Atkins
46fd074e-ddd4-4200-8b53-14cd62c1c9c9,Kevin Diaz
3eca5d4d-886b-419c-9ce2-78e81733e812,Stephanie Sherman
ed876cc2-be90-4392-97b2-8449ff8295f6,Amber Coleman
8415de5b-a01d-4a6a-bae7-c17a9f67182f,Stephen Hughes
cfb9425a-529a-4e9c-b987-a865934177a0,Tiffany Armstrong
55de8863-395d-4d5d-b43e-2be540897f7b,Suzanne Farley
71ac715a-d0c4-40e5-8f52-9d96abbdf391,Stephen Archer
6fc656f7-f6b5-4b2d-9928-56ec83e621ec,Lucas Fields
69c793fe-3d47-4944-a726-7aae3b170758,Elizabeth Schmidt
498b670e-5c6e-4b5d-b0bf-b08256c3ba65,Richard Burns
65f28359-70cf-4341-8bb2-0efaf2781efb,Savannah Nelson
92a76dbb-7f07-4d5b-b3ef-05551fce6eb6,Kenneth Hudson DDS
7b9f9450-f094-45cf-9c12-05ec94c89ac3,Jennifer Robles
3e24d57f-9947-4964-8e68-6f078fd5ebb6,Nicholas Meyer
a8122909-bd0a-4871-99ac-589b26ab2875,Thomas Fernandez
2a6864ef-7087-4cc3-880a-255bf98788a5,Jermaine Young
beb1d0df-6273-4ebc-a344-18b2e1fcd6bb,Stanley James
c145fe12-4761-4757-b7f7-508dc214af62,Janice Bond
6830779b-0224-4c16-94de-c2e0c0474855,Paige Gonzales
f9ed1ba9-17cf-4549-8e59-6177c2728ce5,Kathryn King
bda219dc-1db0-46ea-a52e-4cd5edf0aca7,Jade Martinez
1c8d88ea-4609-4ba5-8f1e-7001ff8c10ab,Michael Cruz
bec462d3-84cb-431f-b181-672965ad40dc,Karen Reynolds
a593fc05-619d-4e16-beca-0304500f6252,Richard Li
e46eda8e-d17f-4ea4-96df-046efc6b0ab9,Billy Hughes
dfc819be-1f81-4783-bacb-945120e05e67,Derek Francis
c4ed1a3c-aa7a-464a-9e67-97248bc6a69e,Kathy Nichols MD
f2ec79a4-0b7a-4894-b64e-1ff8bd889efe,Mary Martin
9b5ee548-bc13-4c2f-906b-fb2119ca62d4,Brandon Perez
2ebc9a4c-8a6d-4438-a20b-969fb7d4af15,Jack Huynh
032cbcd9-5171-494d-80ae-8dc875a7f7f2,Jean Hansen
20787ca5-4867-44ef-b3d4-13a4f1cd9be4,David Smith
7f21ebca-eadf-4762-8851-bdbeec7b4d0c,Kimberly Haney
e474da12-e102-41dd-b57d-49da9cf79d35,Gene Frazier
89e2fc2d-e3af-4135-9897-ac170cc3ef9f,Jennifer Manning
f12900a4-ac37-4856-a3c0-12fe279adcd2,Kristen Jacobs
da01696e-27b2-465b-b0fe-c5caeefd4fa5,James Brennan
65dc6b26-9c0a-4423-a232-036920ce5a88,Sara Stephenson
f0a1b5ea-19ae-43a7-a96b-2abce624c963,Natasha Johnston
1c60b5a2-4097-411d-af2c-3f468b27fb57,Luis White
9122d822-f558-40fe-8c0e-3c270e770fda,Wendy Tapia
21b6f390-3c31-4e4c-8c35-d5062968c3f4,Shaun Berry
4c55e04b-0cb1-4565-8b48-7c7e1e6f29f6,Heidi Randall
620afea0-8551-4cbf-8f63-5b278f9dd33c,Danielle Anthony
456d0bbf-a690-4d05-b6bd-30fce819d138,Paul Perez
cbb7fd74-2b4d-4994-8ea3-14e21aecfc81,Christopher Cain
41cd4d23-0c87-48b7-adf1-8c766774be80,Anne Jackson
fa815e26-a615-43ee-ae3b-57d99a3508ae,Jeffrey Smith
cce975a7-543b-4b76-8c44-9bfb113b3e43,Thomas Armstrong
b1a7f00f-39a4-4131-a8e8-14213e77ee25,Brenda Morris
8e2eff15-7b8d-4bb5-a27f-3f457e480916,Mrs. Shelly White MD
9cadc28a-adc6-48e0-97e9-97619c6075f1,Jonathan Moody
0b542a81-ba43-4f11-bbf5-1365da7e0954,Whitney Collier MD
913cdb6f-bd8f-498e-aa54-84368d1d423c,Chris Graves
dccf0346-3b22-4742-9775-2b1be67e9c44,Robert Mitchell
c6eadfcf-f075-4d7a-936e-4955875613ec,Jennifer Johnson
c8308906-7d2d-4240-a4b2-23780df92a98,Justin West
c92a2fb7-269a-412c-9fd2-b1918cdeca99,Ann Sanchez
1ff9d8bc-65a1-47fb-b7b6-6cb87c1a7405,Kelly Johnson
d6027031-53f6-4e38-a0a1-bc2806c99aac,Kathleen Williams
051247bc-cb5e-4981-917e-79b2ef3284e4,Manuel Hess
58e9478e-77c2-427a-a6b9-5d9f75fbd28b,Jordan Mccullough
763b162c-7dcc-4a96-961b-3f2d2a906bcc,Tanya Anderson
c3daaab2-3952-465a-b8ae-0afd67b6cdde,Christopher Benitez
fe189d05-80f4-48d7-bb5d-9d1c42a77fa4,Dana Moore
5df9fbbb-254d-4d5a-a77f-9c5252e704c2,Shelby Morales
03b3ef51-fe29-4de0-afaf-3040f65dbcee,Janet Martinez
1ed81363-86ef-4074-b8dd-8392efc5618d,Gerald Figueroa
e7447c7c-d02e-476c-8409-e499322cbaa7,Sean Manning
5401d792-b472-46c3-bd5f-ffe5936400ba,Jessica Hernandez
3e2703bc-df6b-43af-b830-b6e1bbb047ae,Lori Hall
5d31c508-718e-4287-8618-f09b1d977ad4,Michael Flores
7ab0988f-c8e6-47e5-9f70-b6148e7b653c,April Curtis
44c735ea-2c1c-4b9f-ba56-0219ad77c96b,Jonathan Bright
85fa00b4-d6e7-4fe4-b565-60dede31ae35,Barbara Ward
d6eedcf1-7c4c-4c77-9b35-24183ff4f19e,Mindy Wagner
ce1d57a8-54e8-49c3-b6a8-473cc8cb06aa,Brandy Dean
611d6c24-5c50-471f-9982-ea77a7419b44,Steven Carter
6b595cdb-7059-40e3-a585-814c0c32b30e,Vanessa Serrano
3578cd51-395c-430e-b834-6bb518cdf6db,Martin Barnes
40ca2de9-5069-4dd4-a76f-5ed0344781e5,Shawna Williamson
7cda11f0-01cb-437a-a1df-5f7e28e76d0f,Matthew Rowland
f35113a8-9e8a-4347-b5f2-5504baea9ad4,Gloria Huynh
f2367a42-6f72-4567-8aea-12df9376ccdd,Miguel Evans
71ff8919-bf2b-492e-99c9-96a5e8afaeab,Renee Clark
a940244b-4c8b-4fce-9ee4-eeded0ddf36c,Amy Ford
6aaa8617-3dba-4d73-880d-51d0bb24bb5a,Elizabeth Davis
a37d0b89-ad14-4113-85f4-d8c8456dd1ec,Madison Austin
942ab32a-3fb3-476b-ba9e-bbd9382467c2,Maria Garcia
9c5e9100-057f-457e-a966-cbbc3a70c961,Kimberly Johnson
e9c5ed7d-75e1-4c64-abec-41d5d29ad947,Stacie Cook
0fd2ac14-0125-4ba3-a0c6-b4213b4ad589,James Santos
0aabcd57-dc19-458e-a8c3-2de20e3db0c1,Carrie Russell MD
25365c44-6df7-4a92-afd7-9e4d7c2c158e,Brian Ford
c338c191-278c-416e-b50b-aa3bb6bf8bfc,Christina Johnson
3f655420-f913-44b8-b07c-549e1cc8f3f2,Edward Young
1f9c4149-c1df-4bcd-9610-9e43f6d3e3a2,Barry Maxwell
5cb13e6c-cb54-4cf2-b771-46d8c3244dce,Jonathan Anderson
31a3d328-a243-45c1-8cbb-ff73a9608701,Megan Jones
8438f856-03d7-416f-ade2-5220a915d61f,Daniel Monroe
7d83945e-85bf-4385-ba96-be9bb44d1156,Jonathan Schaefer
648e86cf-e3b0-43fb-a6ea-937f69623a5c,Joanne Mahoney
1c7372e9-9216-40b7-8c1e-b1e64f31ab67,Casey Estrada
254c4b15-3826-4487-9ed0-c575531840f7,Jerry Thompson II
bdd66dc3-74a2-4612-ac19-d472e321712e,Traci Hicks
680bb40c-d38b-47e6-ad24-1467e8781f9c,Roger Carroll
065809f5-0708-4b07-838d-55b34243dfbb,Chelsea Schultz
01392c5b-de2b-4939-b659-d5b6866a0a39,Laura Taylor
4e59b6e9-d6bb-4027-928e-0461e1ad2f1b,Sarah Smith
bfa82a4d-3d25-403b-9e54-13d8335fd82f,Richard Owen
f22ae6d2-17d5-4c35-bfbf-2c77954870ed,Joseph Sanchez
b4d002cb-b8b4-4f63-a02b-b9747fe17228,Henry Harris
aada1aa6-7eee-413b-af5c-b74d951609f2,Rhonda Ward
7ee1a01f-a614-4b29-bb63-85aa6c0cc05d,Ashley Santiago
2668d1da-bd60-450c-8ab1-d480f347f2d4,James Beck
ff321dd7-9c19-4a5f-8184-105bbb864eff,Jean Young
3122c923-504e-4929-adc7-cc6d18bbadc1,Emily Shelton
497d08f3-975b-4b75-ae92-d3e8a770a43a,Michelle Barton
7d9ca75e-056f-4020-aca3-c665aeb423e5,Margaret Roberts
edf76e13-fc40-4b7a-853c-c733bd1278c7,Lisa Huber
0a6a62db-bbb9-4d57-9e60-abc32b9bb535,Marc Green
d1d62fff-b60f-418b-ba42-727396179ea0,Troy Lynn
2bd7da51-1316-4e62-acbb-29f104471101,Jennifer Castro
43b4df05-e046-49b3-9377-8b115fd0b460,Andrew Serrano
b5c8d6b4-3ddd-486b-801f-c9d51daef322,Steven Robinson
22fd6e76-49e6-4673-b88f-cdf3a500fd82,Julie Dillon
c0ea3c91-af7d-4470-a8ba-d13b7956a945,Evan Marshall
d83a40bf-4ca9-4801-9b6f-e0812106d05f,James Brown
cdc126bc-5d08-495b-a78d-755fafe24408,Julia Sanders
11347d95-074b-4138-9fb9-a678a84198ff,Timothy Gutierrez
e2eeda79-7d3f-48fe-a421-0c9df189ad6d,Robert Riley
c03a6a9e-33a1-472e-86c6-8a8cfec70bf0,Heather Ferguson
b71b5314-dfe9-4e84-8af9-dafb94216600,Karla Vang
4c80d1b8-6d36-4e8a-a428-f9463be974bb,Michael Davis
f4660d27-f03f-4cdd-8f0e-af2051b59048,Billy Burton
f7fea5e8-caa6-4d61-a333-c474b6f295fe,Mark Guzman
49f09ae0-e9fd-4e41-b9ef-a1452a4f1481,Savannah Murphy
ecd2da5e-f1a4-4468-9818-daea3dc393dc,Kerri Blair
0793c687-fc96-4b69-bcab-be2323bfb9e1,Cynthia Frazier
88aafb25-837a-4ad8-97f8-f5289997f6f0,Brittany Barrera
ed225748-c711-4af1-83d1-d92d05cb128f,Cindy Matthews
8b016f6c-32d6-4ce0-a1d4-b30829f6f987,Scott Jackson
d086428c-c788-4200-91f6-87c5917f9297,Charles Allen
d0a57ef3-ad91-4e6e-98a2-15a7aeeaf95c,Martha Johnson
118e0fe0-6eaa-43d7-8450-f236df4893c8,Johnny Ward
6a10aa15-a13c-4208-8a32-57719ae390da,Kelli Williams
2732a202-10f0-4a49-84a6-e6f4dda3e61a,Thomas Horne
838834b6-069f-4cbe-a6f9-087fa7b0333b,Katherine Ryan
b9c4599f-bfac-4637-bd20-919677919c53,John Paul
38aa2af3-5a6e-4ef6-b706-c7620fa406ed,Nicholas Gray
460239b1-3006-47dd-87c8-6599f16ca68c,Sandra Gordon
cccc928d-c4e9-4abc-a1b7-9b4c78a053d5,Courtney Evans
eacf19db-94be-469e-91d5-f4eba6e11f55,Barry Mann
1a722e0a-9764-4f32-b6b6-31e813316a84,Mary Kim
af2777ab-8687-4f03-866e-23915201013c,Misty Townsend
9d6b3db4-7c53-41b0-b71f-fc1fd61a32bf,Renee Gibson
ca07f8b4-dabb-4a3c-866c-063067a01f0b,Nichole Brown
65e3a3e9-9c62-47e1-9895-8218d8c91c7c,Pamela Lane
7a2f179c-1dc2-4b8b-a62a-15db8396b075,Melissa Gonzales
37be02cc-800f-45b3-bf6b-e2819671ac02,Michael Harrington
f5e0654f-da48-4ca5-a90b-e8bc43b32faf,Travis Johnson
0df889c1-bbe3-4289-bfb4-1623c67433cf,Pamela Johnston
78767847-332a-4e9d-954b-c770be3b7c0b,Christine Wilkerson
c921bb6d-b4c6-4b09-a059-73ee542e9bee,Lisa Lee
ab6376d8-1ce4-47ed-9637-7bac606fee99,Eddie Glass
fa8ad167-421d-49c1-b0f3-16d225b97e2e,Jason Johnson
7b897144-fd0e-4fa8-b275-b4b7a8d22b37,Michelle Olson
ebad0e66-7cbe-4749-9fa4-92cbf044c113,Gregory Anderson
42dffee4-81de-495c-b0cc-06b0780a9591,Jason Gibbs
6449e868-63d4-4eca-abc0-ce5edc5d78a1,Shawna Knox
1431f5ab-dbb3-4538-aa21-5ef82bebb234,Caitlin Vasquez
d113c884-323d-4588-92b5-87536ab46cec,Paula Mcdonald
45d9d8f9-e0d7-4c77-bea1-16f21a2a4bb0,Gregory Roy
e4a986ef-ef0b-45a1-9a79-482ac7cd1568,Kenneth Lynch
ab579f3c-7c01-449d-9900-200289ce60e3,Emma Mitchell
837c6be6-6891-438f-87a5-4aeae742d640,Angela Liu
8c6fce90-bf93-4db0-b368-f8eebb52ad82,Russell Hutchinson
a22b99ec-aa22-4ab9-b190-c5c971266baa,Joseph Boyer
80d5482a-a30f-4285-aad6-0bdc61e8e064,Dr. Ryan Wright
08d32733-475b-4aa3-9a0a-553c10c92419,Kevin Tucker
637b3664-47dd-4d9e-8f98-1c9f03866a1f,Christopher Schwartz
ed5962a8-7681-4d3e-be19-7e95fb8be79b,Caleb Wilson
edb2c492-e1f1-4e40-b0ec-0d9bd6a11371,Heidi Jarvis
8836e01a-52f6-4d6b-8b12-af69e8d4ff6f,Jeremy Riggs
f8c8e436-b58c-4a93-934b-fdfb6b8e5ead,Douglas Burgess
185933c5-52f9-4290-81d6-916959b107ef,Daniel Nelson
a1ce8493-e00f-46db-bccb-c3e003bf3d3b,Paul Gardner
8fc6592d-8634-420d-8d67-a725521a9200,Jesus Padilla
5f858384-4528-4844-bd3e-4c288669732b,Cheryl Wilson
7c885527-5cf9-4fd2-9d58-417433668ef4,James Robertson
fe8a5879-6be5-45ea-8096-e7137fdb5c1c,Mary Deleon
06986bac-0d24-4e98-ad8e-aa6120b3adbf,Cole Kelly
0e77dbbd-530e-4378-a699-d064c1d591ba,Matthew Love
9541ad36-933e-4e03-94d9-a6cce01c06fb,Casey Howard
1969f456-c534-4cf3-aee6-41ddd0e7a7e4,Jean Adams
8351a34a-72d9-41dc-929b-1e660d06534c,Erin King
c56402b1-f7b0-4cc6-8254-a795684bed49,Aimee Dean
11321a50-9634-4eff-8f00-9e41aa11806f,Matthew Roberts
093bd293-1466-43af-81a5-0001f365d632,Adam Reynolds
3c0f5d48-43c7-436f-a525-59238d350a9f,Cassandra Torres
8bc136e4-eadc-4600-82e7-1787677f4e96,Cheryl Jenkins
e9b9c088-0fc1-4776-80a6-b3cd0dfeed64,Carrie Mueller
53564278-4fe2-4c9d-b10b-de6c4fc5f954,Mary Ellis
8491a54d-0b6c-4048-9e0b-99aad0f9e756,Gregory Glenn
6c60507f-fda3-4874-b25a-39d26766bb34,Sarah Robertson
3b40d7e2-3eef-44cc-a2f8-58aa280d79bd,Christopher Wilson
cd867c9d-fbbf-472b-854d-1d585249fd0e,Steven Reyes
beed451d-585d-4fb9-8bbe-0126152bbe77,Benjamin Johnson PhD
47702873-010c-4f01-b62d-aeed3a1f802e,Joseph Smith
655a43a9-b1ce-4616-9ca6-80ae41312dec,Cassidy Jones
915672c4-19be-41ad-aa9a-538bf29bcff9,Christine Waller
166ce55f-5d1b-459c-b440-12c3c77363e2,Marissa Greer
27ef7b4e-2798-4940-bdb4-3fa59162c795,Jacob Ortega
af3b1146-a930-4063-a495-5e875153c9b7,Gina Smith
4b400417-6f0d-4878-8010-e4b218302e7f,Kathleen Flores
7af0ed4b-a7a7-4e30-b86e-9cbcc5f14a0c,Michelle Tran
091c0b15-50df-4199-8911-36336c94fa27,Megan Fischer
5033e029-eb48-4a47-84b3-c82c2841308d,Dr. Alex Butler MD
9d689b63-eb35-4d34-94d6-a7c79fa9357e,Mason Thornton
bcc86a8d-2429-4156-a5c3-4e420c9dad4d,Stephanie Nelson
b868e0f3-0d86-4479-b7f4-7412e0c5680b,Robert Campbell
ccf69d36-464b-40c4-97b5-0812a1cdadc4,Katherine Wood
9ee627c3-58aa-49f5-82ce-befe6c495d28,Jill Mcknight
36788f7d-36d9-4fc8-ae4c-3cc07b0da213,Amy Mitchell
fdec3074-c138-4e4e-a9c3-11672887b7df,John White
61d3459e-4166-4b29-82d8-d4f9373fa546,Candice Adams
716cb012-b15c-4fa3-8b64-3c43a8e57c3b,Nancy Jackson
6c7f72b7-6e66-4d7f-846d-325f44b4808b,Emily Briggs
4de71f3b-89d5-4868-9fb4-563933437876,Richard Richmond
ae59ae1b-7693-4073-abb5-f9d7e32bdecb,Dean Booth
f181dd96-d358-4d4f-9a25-cd69255a5125,Dana Simpson
e68a92d5-c528-4e5f-b744-541eb4f01f84,Jacqueline Lewis
cb0bf0a1-d80e-41f4-b58e-382ccf3e5d6f,Sabrina Hall
c1868752-ec13-46a1-b80b-d97d66c269c5,Sergio Johnson
f5faf92b-087d-43d8-9267-0a6823c86f46,Joshua Simmons
05903ba3-e100-4269-808c-5de7dc476026,Kevin Booth
fdf8b359-3bdf-4053-8734-a04c86796b3f,Holly Walker
718bdd36-57ca-46cd-b758-dc498598d2f1,David Perry
48fc42df-06a5-422d-a288-c44d46aeb7dc,Jonathan Lee
a125faab-5f6a-4c66-8ba4-2d7b58b17106,Mary Wright
fad35147-91da-4ead-9184-e52626e87eb6,Matthew Bryan
aca683fc-8e70-4b2b-a989-84b58fef1ce3,Michael Lucero
54ba38ad-0358-423c-a2e9-63625fb5ea15,Justin Perry
567f2f89-89c5-48e9-935d-a682663028a1,Sabrina Downs
3bbc3b1b-39f4-4559-a5a7-a276841e9584,Christopher Hamilton
0e85249e-7ebd-44c6-8f17-3ea71727c529,Ronald James
d0252453-1b2a-48ab-9993-52593dd2ed2a,Kathryn Cox
2f5e816a-1e85-487b-bc08-3bceaff2f734,Diane Haney
4f8611c2-a7c7-4867-8b0a-cf2c5bd38520,Jordan Mayer
a45e4f38-c7fa-4b88-b949-79993c1fe832,Eric Mack
e0e9bf61-cbd1-4d59-b37b-5f28a694450c,Carla Jensen
a1dd70e1-89f7-4a7c-968e-412ac4d0b506,Keith Burgess
927bba4e-0e38-48c2-a340-9ed44c26f3ee,Samuel Wise
93428a48-4d0e-4e20-8a15-58a89fd7e42a,Kelsey Palmer
8f7e5a88-a97f-4481-a3eb-3061d7854234,Christine Morrison
c2e28c04-43f7-4f10-a4be-29094bdb2cf6,Veronica Buckley
d95e9a5e-5470-421f-8765-83563d3600da,Michael Miller
b73b77a7-7ee3-40b1-a592-32a279b16b62,Monica Warren
e6b9317d-2c48-4d4b-af39-5b55c5380084,Louis Davis
72452ba7-2776-4941-9820-ceffd186d64e,Alan Cruz
2ac6eb6a-bd8a-4001-9aae-e535ef10d641,Kristin Lewis
b68ddae9-1aeb-48d3-9136-2157bb195e42,Seth Atkinson
f45a8999-97d4-40c6-b237-40fde8ed38eb,Janet Jefferson
09272427-a455-4d97-bfa4-c45a75d15396,Max Alvarez
1e149e9f-30ed-4ed4-b3da-66b53f254033,Kyle Logan
c99c5135-05e4-446a-ac4c-938ee2609602,Michael Leon
9c2fe5d1-3d1f-428b-9e98-0920ca80265e,Carrie Franklin
705df70b-3a18-47c0-83aa-0d84a6284c52,Brittney Bennett
3c9093af-6fdb-4ed5-a5ee-e5c1835c2bb9,Christopher James
f5497a3f-8ccd-4391-bc64-3124840c02f0,Tracy Munoz
c977e92e-2e2f-4b95-8013-1d764b3c8c07,Katherine Martinez
deacda27-3e49-47a6-a231-b36bce993bb0,Sarah King
03c3e68c-58b3-4c23-bab1-e28a8439cbbf,Dana Ballard
2366f114-7e60-495d-85e6-c8a828752571,Teresa Moreno
0f13d4cc-d606-4d3d-ba21-23f6d22e9918,Amanda Watts
20aa7714-ae4b-414c-afe2-24b6da21016d,Sharon Johnson
3d3ced5b-f031-462f-ab06-cc24a26a83ac,Jason Henderson
bcdc7303-e686-4b7b-aa75-3b1f010b60ab,William Parker
62708318-68c1-464b-abe5-2b8262b55285,Kathy Brooks
a59b3e18-48a7-4161-bc1c-c836dca9bb4e,Thomas Garcia
115fb80f-98bb-47f7-b9db-224428d58e9b,Charlotte Davis
af3059eb-eaca-4af6-acab-c5cc24bcc8fa,Michael Dixon
854c4736-bf6f-4e50-8233-62b7d4bf0bc6,Kimberly Stark
dae75461-ea1e-431d-977c-6e123a69b262,Gabriella Choi
de744666-2148-43e3-a3b6-0bbea0ff8377,Andrew Rosario
70addd93-ae2b-4643-899f-12e979ee54b0,Corey Rasmussen
b42e62e3-aafd-483b-ba64-81a93cfcccea,Aaron Smith
3c9cd99b-a4ea-4fb1-9e64-7affb2cc0f55,Amanda Fowler
d944d3e7-6eb9-45f2-ae32-9db1907987f2,Regina Chen
a664f3f1-e967-4e7e-a55d-320511de8262,John Barton
6759d5d8-fe33-426c-9ce0-0c76f59719cd,Jordan Atkins
00540513-557c-43e1-8166-8475a8ba061b,Don Valencia
240e3cf4-ecd2-4be8-8d3f-e29fcadc6247,John Evans
d2c2d680-9bbe-47d8-8543-9867031c99c4,Dr. Matthew Brooks
afed1c3d-1d03-40b9-8512-3f3dd1ba96cb,David Donaldson
585fb390-4eda-4126-bb49-2948a521c599,Devin Cabrera
7b772d28-5eb5-44b9-8bf3-eeb3b907a4ae,Douglas Vasquez
393475a6-b063-4430-8fad-2739791dac7e,Benjamin Adkins
0a5f675e-c2d2-446c-b46f-e88aca11d601,Amy Roberts
ee407d7d-d33d-4f0f-8e34-214f26c86f0b,Jean Rosales
4434d4c3-0599-46f8-8c69-dc108ccdaa63,Brent Conrad
de368761-4cd8-421d-992b-f5d6e82601cf,Bradley Gonzalez
f24b8b14-7335-402c-9781-09f9ec6ed9de,Vanessa Gilmore
379e735a-38df-49dc-973a-7318f09a851f,Rebecca Thomas
02d07062-cd4d-4d0f-8963-decf30e6df83,Kaitlyn Branch
cf47f3f0-d970-4789-b985-b076ab1d5314,Christopher Williams
d381f320-fc4f-403c-b1d7-8b03ed5194a2,Jaime Wood
0b31fdf7-624e-4b4a-9413-8be8d47eda0a,Keith Austin
e154bcd9-abab-4102-b85a-b52d37c79ded,Patricia Williamson
10591f5e-4553-41c2-ab58-349090570a79,Christopher Hess
dc7bfec7-b2ad-4b78-98f6-4c8f7e610d7b,Brian Fields
784c6168-c83c-4f18-91bd-c1b3aa120374,Daniel Marsh
02584269-36bd-41ec-87b8-aca9af0f8ddd,Tiffany Logan
1634021f-6ed8-49da-b76d-965c7860d49d,Valerie Russo
bacaed21-8de6-4b49-9fd9-9f54f92e4909,Justin Turner DVM
f65b0226-facb-42ff-9873-28947413e895,Deborah Peck
7cfce83e-0c30-415d-848d-c9177e6a3fb5,Whitney Salazar
38b0018f-f2f3-4d58-a7a2-95a80d1c1cf3,Ashley Smith
aaa8d168-411c-4d2a-b5f0-818926f3efca,Jonathan Lewis
a6c9c6e8-84c5-471a-8b55-39fe0284d4cd,William Rodriguez
b89c3cff-d934-472c-aef0-b70b282a6a5f,Anthony Waller
42f4cf31-c1fc-4f66-8c35-a06d89f5cb0d,David Nguyen
b196b25b-e014-4c53-bb97-94e6bcc853d1,Jacob Richards
08f8feda-97e7-4413-b6f9-6cae1a6f5876,Christopher Smith
8a9308a8-36ca-40e5-9424-7d299cce94dc,Steven Atkins
43fa0901-6e14-4fa0-90ac-2aabfcc2b244,Katie Keller
603f7940-ffa8-4f9e-9b2e-1ffd8fb6da0f,Jose Cook
85f4682d-452a-4f50-ada5-d65b2a4c03be,Randall Reed
562ef2a1-fe89-49ed-89d1-6479d4c769d6,Patrick Holloway
8e19da54-8d24-4ebe-bee5-a5969303788a,Shannon Baker
69ff75ac-f5c6-4ee3-a987-0561237fee71,Anthony Wells
aa733382-7e48-4de6-99b6-d469fc523bdd,Brian Brown
9898e762-ede7-4836-8ea0-b583db9140db,Connor Jones
d3565ec5-72b5-497e-b845-8195349b4df4,Peter Green
9fbad587-4495-4b1e-89e8-1176a9cf9c3b,Andrea Moore
66761eb9-5331-4668-8333-c560032ae899,John Perez
8ab2d2c2-077d-4a2c-a0f4-e0c50e2037e3,Jason Callahan
1b834f75-e113-4b12-a215-4ffaca02058e,Nicholas Mason
f8960c19-429c-4d13-9d17-25540d8c8ee4,Mrs. Stephanie Riley
5132ea40-8451-4ad9-8607-372cb519269e,Kyle Carroll
15d840b7-99ef-46fc-ae8b-91efe3e89999,Matthew Rogers
5de12b8a-534d-4686-9cd1-d0ff04cd8cb6,Alicia Norris
dc825bbd-1096-477f-aa18-c791b0dec8d7,Jacob Barrera
23390a44-f952-4658-b9b4-33412fd0b954,Linda Thompson
1653e611-5b7a-4cdc-84d2-af5f4897620d,Angela Roberson
9638acb3-dbff-42e6-80e4-e617908e84d2,Adam Murray
eddf62f3-af84-4faa-9300-215ac6625446,Teresa Perez
eac9ccf2-2fe4-4631-83dd-79a9fa30b04a,Mark Chan
ee513926-f7ae-4f5c-8b95-d0b91619e19d,Thomas Watkins
bebd6655-b533-44ec-a347-8c8b62c0db60,Katherine Martinez
48ab0b1d-ec7c-49d9-8e59-ae213193fd1f,Michael Macdonald
26e6d3db-1e36-4646-90ba-1f4293a0b7fd,Melanie Cervantes
070deda7-b92f-4c82-8c34-15a46a9ee52c,Destiny Roberts
38f26b6d-8bf7-459f-9f28-a3b546efd93d,Stephen Smith
1f1fd960-afdc-484e-85d2-28a1de11404e,Stephanie Thomas
2369a246-8c71-45d0-97f9-300e77633612,Amanda Kaiser DVM
cc9fba7e-6e4c-43ea-b741-56af36af764d,Nathan Mendoza
bfc024e1-3cd9-42e2-86bd-c5f62d6b662b,Paul Barnes
c17fade0-36ba-40e2-823d-015b2a44091a,Robert Wong
4bc63f97-5424-4422-983c-33891a031ce2,Joseph White
a09ad68b-91ea-471d-af63-cdba25ddde18,Brian Porter
33f5e830-a264-4f92-8f0f-39051ec35196,Shawn Williams
cfc26234-b77f-42c8-915e-7b6a7178db13,Cheryl Atkinson
157f5ac9-7757-4e92-9c81-d34ffa6dbe11,Ryan Wallace
ecf5c318-0671-4c9d-b44f-9c0dac9b0839,Raymond Garcia
7219ebfe-438d-465a-b091-d50944f08d5a,Karen Howell
7157dc37-d017-4e73-9f17-06acb5a49ff9,Brent Barber
d795446a-47d4-4214-8360-3e9ee2c77e7e,Michael Perez
f152e849-711a-403f-a105-f2aef41377f6,Natalie Hunter
c9679da1-eb23-48c6-a33f-d81d333cca29,Henry French
4f7ac086-7f08-4bb7-91e5-8f7e24ea24f9,Reginald Smith
0ab6bd56-2c3a-430a-b6a9-158a5f8958ef,Sara Dominguez
54e9b5b2-6090-4c1a-b70c-613bc24dee4d,Steven Huang
7e9324d6-0aa7-47a2-8123-a6c2358c2da3,Amanda Snyder
316dbe87-bff7-4b50-9c15-27d6d99807d3,Melanie Riggs
a7b5d386-612c-4412-a5f7-26978ea58884,Joshua Proctor
6a6988a9-0b60-4b28-8fcc-ab68b1e38ffc,David Lewis
471317b5-b295-4cf5-88c1-aa591e24e906,Michelle Mendoza
77af346d-f8ed-4cb7-8e24-a2912529f1b3,Kim Gallegos
b7a2d623-c614-48a9-b8a9-7cd7d9c6226c,Michael Gray
3bd726ea-933e-4419-8a92-05e58e683cdd,Christine Miller
75224a66-2a7f-4f55-8851-3a039f7526a1,Ellen Jordan
dccdf77a-dd8d-49d2-9fac-c0e205e52a67,Heidi Smith
e6bd3d6a-9ddd-40a9-9a92-ac3cd9bedf2c,Stephanie Navarro
48eecc64-62a8-42f6-8a63-c52870eae3eb,Jerome Martin
a5892c67-5ecf-4708-a39c-e7486592b57b,April Meadows
0a5fac9f-d588-4869-989c-1d54306f34c7,Mary Lambert
a40fd14e-0e51-4bef-9193-f6a7cd32da75,Amy Johnson
b0558168-5500-4403-a174-903ab35758b5,Miranda Myers
04bb73e2-a630-4390-9fe3-fda30edf058e,Jeremiah Sandoval
209e099b-e2d9-44f1-a4c2-7f94666e7fed,Sonia Barnes
46d73e72-8248-4c49-8cff-3a8d33fe7481,Carolyn Ramos
bc411d0a-4886-405e-8606-c77f805646f4,Cindy Gomez
4fd66ee5-54cb-423c-b471-44db3578982b,Michael Gonzalez
a8775fa4-6fcd-4d16-bc49-a186e4e9e5ec,Christine Morgan
8bf6d513-7ae8-4f85-a4b2-69598aa73e16,Michelle Barnett
0c6b6f81-aa4c-4ae0-a31c-1dccb2d21b83,Catherine Robinson
4c8bb881-60b5-4464-8b83-c5d4c13244d9,Sarah Smith
5b903848-240c-464f-9de2-6bdc8d6366f7,Jacob Brown
8b6d7a0d-5ce3-4422-abb5-27c9b349bfb7,Mark Olson
7b48a8e0-bb71-477f-b486-b23e57681d74,Connor Watson
26ea4a1a-b0f5-4db1-b1b3-259de782585e,Dillon Coleman
4077d3cf-ac4f-4430-8199-46d8690f0a04,Kelli Nash
89c8b5f2-818a-471e-b22c-709440d2c7be,Nicole Perez
0df9c9ee-ef6e-4da3-9e0b-eba2a8e5887b,John Richardson
eb93e7b2-8369-4eca-be49-fce58ca99fcb,Jay Cunningham
86ae8404-6423-43b0-9ae2-53f1f79b5d1a,Leah Hensley
512d61b6-f2e9-40e7-9244-45e032ea8129,Thomas Valencia
15d0d75e-966b-4cad-abc9-7da4cb813f93,Donald Russell DDS
9cbed56f-cc07-4082-b5e3-a934ff5ff4e3,Tami Simmons
7cb42138-c8ac-48ae-91cf-180fd0973a1d,Robert Thomas
c14f41c3-d63c-4419-b5da-790b7a77f9e8,Christine Andrews
8139ebc3-bc75-43f1-8bd7-b9a77ea62629,Janet Irwin
5874d388-111c-4028-ac28-e47ef7d8ec4c,Michelle Johnson
8f5d5c3e-d767-43ed-9cb7-3d12e53ef79a,Jennifer Henderson
e42f4bc6-16af-4aac-89d2-9a5d45066c96,Benjamin Tran
ce20bdbb-a4a6-4575-b067-a2ea444d03ca,Marcus Franklin
4dbecbf7-8b18-44ce-bd3b-406027aceb88,Isaac Peterson
2da6d142-4a7b-4824-8d6c-4634539e7841,Brandon Hampton
7dcf9ceb-8bd7-46b9-ab6b-0ce1a121f4d6,Carlos Pearson
b6d1ebf0-cb96-488d-8cc8-184ed935f505,Patrick Chavez
4177c7c5-3083-48d0-8979-bc9d5d66237f,Pamela Wise
1bc0ed3c-7d6a-4a74-9b8f-62ff9894b1d0,Katherine Kennedy
944878e6-0950-4276-8d2b-cc3248eb3187,Deborah Simpson
6e038329-1bb1-45f4-bc68-dc28ec90e3e0,Shelley Shaw
2b1617ab-92dc-441c-8425-3e604688b2b3,Kimberly Riggs
d6c14f99-77a1-4a19-a4af-cf5dfeb35bfe,Nicole Martinez
7a61e29a-7bc4-46fd-8593-ce8f98aaead5,Jonathon Martinez
94dfdfc8-8550-45f0-b03c-62ee92818234,Marvin Hill
50424b24-9a09-4f97-b029-812261ead4d9,Penny Gonzalez
bd4edca9-29ae-4457-bc5b-8b435f143ae7,Angela Robles
87655886-8176-4efe-9297-eb2e7339ca61,Jose Smith
8733b80c-a913-4d22-8a05-7e48104b756b,Johnny Gonzalez
5edd134a-46eb-4d0f-b4ca-47650ea6462d,Luke Allen
f86ab618-6a15-4e1d-ad0b-b0bc3fba44ed,Christina Preston
2265f874-7215-4aba-a5fa-f24037d4232c,Robert Benjamin
1d1e1f0c-fef6-4a6b-809d-2a4f3cf91d28,Benjamin Wiley
bc2ed494-82c2-454c-97ce-1c1ede2c0e68,Kathleen Simmons
1b84f02e-c7f9-4e77-82a5-02fb001c2221,Nicholas Pham
1cf7dfbb-acbe-4cae-8377-aaac999d3803,Karen Sims
899bbf7a-3ef2-4384-b647-39d18d446338,Andrew Williams
df9f6666-7559-49bf-abcd-684c69ecad84,Michael Lin
4bce9e01-a1f0-4e65-b253-abc5b2b14c1a,Carl Middleton
9a6f02d3-c0c5-4264-868e-e5f6db23d1d7,Crystal Smith
8c4c449c-ee52-4684-962e-acf3939dbd34,Alyssa Tucker
5acc0afc-9f01-4118-bddd-1ddb590a41e8,Tom Jones
93e556ad-a3a8-455f-a5d1-943f96963080,Michael Hoffman
ab96dffa-6af6-4dba-8437-b6146a7cdc4f,Kyle Franklin
dc45a196-9d1f-4c31-851a-c16f0d6f966d,Melissa Young
fab11a16-787b-4c6a-aba2-ad852345546b,Peter Smith
7b9ce4c5-d513-4ccc-8a0e-b97553095f2b,Jessica Evans
8582832f-560e-4e36-99e1-be225b577504,Dale Elliott
ec47b512-500e-4177-a83b-4d522d1ee23d,Elizabeth Marquez
be11fe75-6c72-4a3d-ac43-d6fc03b1479a,Devin Cummings
f1b4e2df-a0c7-438e-ad7a-e3520a0034bd,Julian Stein
3ab64a13-f544-486f-b69a-5afc0115a7d7,Tyler Richardson
8edbbf4d-633f-490a-a692-c287e2d5e35e,Antonio Rivera
2346c2f1-d031-44f6-baab-0435b41a2b10,Elizabeth Roach
91c0814d-94a5-451f-9291-abb3e9c7029a,Michael James
ac995d28-7893-4a65-b278-b4cf04590a9f,Valerie Gonzalez
ef9e16d4-e310-49d7-8496-eb7f87e0faed,Janet Salinas
3ee341a6-46c8-474e-94bb-21870aa1408f,Lisa Duncan
e2cc8935-08e4-4d01-a855-6154e7e459e4,Charles Anderson
e926eba0-07e6-45f2-be14-a600d7efe399,Laura Marshall
9027b98d-6753-42cb-a388-0817a4a8629d,Timothy Griffin
71b481d6-3c9a-4c15-825b-06422fde9487,Richard Douglas
e20033d0-5974-4c72-aebd-cb15b4d51a61,Adrian Nelson
61a024b9-dcd7-4f58-86ed-11fc42df00ae,James Mcdonald
603d92bd-aa05-4e6b-ae67-a267d7f577e9,Mrs. Chelsea Choi
146b4c1c-f920-490c-afe4-b05ddd314ae0,Katherine Bradshaw DVM
910b065e-6a8f-4520-be84-9f62c279ddeb,Ann Miranda
5f056432-4106-45b4-9dc5-7f4b4304ae43,Krista Ford
3531c048-7c4b-4e85-a84e-c9f23b15d3c5,Jodi Ortiz
cbd0f211-38de-495a-9208-5331e05f0a5f,Erika Guzman
dabea35f-45d4-4931-9daf-17c6c189ee9d,Kelly Frost
06e80a4e-35f5-4f61-801d-552c18188f18,Meagan Clark
e07bbc22-787c-43e2-badc-d9c3c5d783c7,Manuel Mills
480c6616-02f6-4c5c-b956-11c97fad0c26,Cynthia White
edf10fc3-effe-465f-a3a1-832d06d6c5bc,Paige Patton
cd2abf67-8dc2-419e-9bbb-68380784570b,Sharon Scott
78900ce4-49b3-46fc-b8f7-da4fea81624c,Jessica Smith
febc4c3f-f186-4016-a4be-b0d86cfa7b97,Bradley Tanner
10112d03-943f-450d-90ea-4ae17e1df334,Deborah Richardson
6c1225f1-fe69-425b-8560-8156ceb6e204,Christopher Young
e172723f-9e2f-4684-98df-db7cfe430d28,Patricia Burns
cb7df7e2-cfad-4e95-a7b7-104180505d61,John Rice
acb1617a-f2ed-4549-bc66-ac608c089ba1,Holly Fowler
8fcfdf24-fd4e-4383-a47c-2a6517ea7807,Sarah Brown
cd36c954-c2c5-4c23-ad25-27cfca210f1e,Morgan Baker
cb1e4713-fc95-49b6-abd1-038d66f8d1f0,Nancy Figueroa
9dd2e0b5-28d4-4799-b06b-4243f4e05ef9,Randy Mercado
f4b175f6-2f8f-46df-a7d8-02c09aa8b5a5,George Reilly
16863a02-498c-43fd-a327-139d008abd78,Whitney Mcneil
832ba606-c965-4555-a6a5-be5ee9cd0f40,Dustin Smith
75120ba7-da0f-4cb3-a001-0297e22bfeb0,Tyler Manning
63f51a1a-3cd9-4a53-93c4-d543aecb3383,Eric Peterson
79923a0c-dce6-41aa-a979-021563901cbb,Allen Kline
682b114e-256c-4f0a-a8b1-d5325f06c591,Lisa Lewis
e2355a98-54a8-4d74-8bfc-2e1f3fef25fc,Valerie Williams
cb60e777-0ebd-422f-96dc-5270e239d2a2,Lisa Hayes
9b7a99a7-09af-4c86-a670-d9a6140e6a25,Allison Orozco
e7c91550-a9c3-46df-a307-d00a12662439,Hannah Garcia
2587c620-1a12-4136-87e5-d4208013c806,Christine Johnson
2b0198a0-3e8c-4417-b98d-02653c4f91ea,Brittney Thompson
ff675e50-cd48-48f0-b3e3-60f5be39bf21,Sara Nguyen
67a86997-df65-4c32-9f87-44a1864e8aa7,Robert Brown
dbc54391-d061-4f5b-b36f-4e097693c07e,Matthew Nguyen
e0aa8970-67a3-401f-8c28-871d4afc66ab,Jessica Richardson MD
553100d6-a19f-4901-8f91-ff5605cfe488,Benjamin Taylor
5deb658b-6087-4811-a608-9f11c6fb85df,Matthew Knox
6c2e6ebd-865a-4ec4-bc81-9032c3310c12,Dr. James Fields
5762b4ee-77fb-437b-be92-7d25aa185d04,Manuel Bush
94f15a8b-cab9-4145-a00b-69cc335696c3,Robert Clark
d1e7b102-06e2-4a19-8e2c-e770a11135bd,Michaela Jones
c4003c48-c655-4897-aff7-d1efc71a0ddd,Scott Burton
1748c2c1-3829-40d9-8845-6a6cf60b4d0d,Deanna Sanders
ee729997-bc66-416e-90df-64a895877d4d,Melissa Evans
98b8aefe-d25a-4b85-961e-35a2fac55093,Timothy Thomas
81da90c7-a68a-4767-8d48-33a59df049df,Kimberly Banks
943cda3b-9428-49c6-aa98-e374921bac66,Kathryn Burnett
2fbfb51a-94c8-437c-a045-30f95ea0f922,Laura Deleon
1a565e19-d84e-4239-9010-f467e5e893f2,Samantha Nguyen
517fbc06-6c29-409b-87bd-7bc101f6b5c6,William Macdonald
8ab3c189-2cbf-498e-beb4-dc4406c2c9c2,Jerry Cline
554b0d22-646c-4526-a90b-140a5e959e86,Thomas Barber
c7c79685-0193-4304-81d6-8ebcd93736f5,Andrew Moore
b3722d95-2347-47a3-9751-7bd03a6c0ba9,Dana Weber
9fe3621a-2144-480e-9746-013dd2258652,Julian Robinson
8d2137b1-37ae-4c34-9d01-30050d23e0d0,Stephanie Carter
9b12daa9-a906-434f-84f7-d3b07b21292a,Amanda Taylor
13120fbc-1415-4845-a2ef-8b809adfe68e,Stephanie Morris
cc51c621-bb94-4fad-b48c-16406f3c780b,Jesse Newman
442c3b75-dc33-45e7-8589-e22acd49406b,Karina Duarte
7ff04077-aeee-4a21-93fb-8d3a92f5edbe,Jason Hall
d5b7d0a8-3001-40a5-928d-517895533ca0,Michael Singh
6d5d3dbb-1051-4496-96c5-917e4642ff6f,Nathan Glass
ee9ea8f7-28e3-47b6-8aab-e847e0743f24,Robert Cruz
bef2d072-66ae-4c06-901e-1e5ebbb2bfaa,Sharon Wilson
9caa573a-1be3-4b17-918b-e900971b6c85,Andrew Beck
a24daff5-be4d-4170-b9e1-5b06d547568d,Kent Bass
cf9b3aac-5dee-4a0b-bdd5-b8dbcd4dc5d8,Sandra Morris
72f9ffe2-f76c-468e-9877-17889d82492c,Robert Salazar
04d882ac-22f9-46e3-9765-dec06cb7de71,Michael Watts
6d1082f4-5c59-4c5c-8eab-2811e146394a,Lisa Yu
e0bb5d6c-3a3d-4a2e-8c73-9eff32a8f152,Courtney Chung
484d1149-09ee-4ecc-8bb5-3eee79810d6b,Kevin Porter
3fe50f1b-b152-4b0a-85a7-02304d92efcc,Kevin Garza
691290ed-9866-4c07-a881-477f2a43ae29,Vanessa Scott
dcdefe0c-f154-448b-a40e-046fde3f3049,Lisa Holt
303ae33d-cbb7-47c3-ac0f-b92bfa5b61ee,Laura Mcintosh
f09c0f09-bfb2-46bf-bfaf-169cfd38efdd,Susan Wang
1afb4b73-6a48-4f8b-9b32-1204a53b6354,Samantha Smith MD
24ac0209-31c6-40d7-b91c-ca4a7ee98387,Adrian Tanner
d7831314-2182-49d7-a90d-fd87ae728063,Stephen Perez
39f9e3e7-7120-4a3e-baf5-3dc4865a667d,Tara Scott
a3cd4fae-e112-4352-8379-fa7fe92a1cb8,Travis Clark
ef0c70b0-55a9-44a3-b8de-722ca0308b52,Michelle Wallace
c33d8f51-f861-4201-bd61-a343b0a03ccd,Steven Smith
6212fbc7-5a86-4e52-9f8e-b889459d29de,Mrs. Gloria Stewart PhD
26d9c8d1-184f-4cf9-aa4b-72064fe35c52,Mariah Johnson
800a69e5-1b7f-4cdd-a722-225fe6dfd853,Laura Flores
38586d73-642c-4e36-bd40-6a6756ad46a4,Gregory Evans
98a8580d-20da-4412-9065-ad65de7aea58,Robert White
cd6919af-1ea8-484e-96a4-471e2befdbde,Sarah Mckenzie
aea039cc-34d0-447f-9ca0-7992d001e043,Jill Nelson
77bacf6f-de7e-4813-afff-9fd8f4cc7721,Julie Weiss
cca4ec74-50d1-4956-8bbd-b03e0606d47e,Jessica Reyes
12175969-d2da-41ef-ba48-6aaa4d5f9870,Richard Stewart
0e62deea-4718-42a2-98be-bbb530e8bd6f,Danielle Manning
22320ce7-64d2-4748-a994-9df4c9da4c98,Wayne Smith
66c82b26-ca3d-4428-ba99-9ce53ed4b520,Gail Wood
0657771e-1775-46f0-921b-eb635b868632,Gregory Adams
b292ba03-8092-4f4c-9716-db7644b464d1,Tyler Hall
db8663a6-8482-4794-ad65-0342f6cc5c5d,Casey Hunter
38b7669a-591e-4ac8-b842-9cd53c1f118b,Mr. Tyler Cox
97847f4f-d063-4769-abea-7edda7a0a063,Ivan Wright
2d3d10f5-9553-4a5c-8e80-3d592aa96955,Ricky Washington
f3808944-20d6-4a50-85fc-154c3309a077,Kevin Salazar
a26a66a1-9461-408a-87d4-d216dcedcce0,Deanna Wilson
b38b3797-1d18-46fd-ab18-74a396b80c89,Brady Nelson
69d7a719-177b-4924-9e0a-c7f4cc602295,Sara Harvey
8579e042-5bd8-4a12-bb0c-8edc6bee5194,Tiffany Edwards
dce7294a-a669-49ad-a24f-f1e6c82474a1,David Garner
b3a99207-a298-4c63-9851-1429af5469ef,Anthony Holt
8466d04a-2016-4938-acd9-3f6150425fc0,Frederick Williams
bb13ae2e-f2f7-4d32-8aac-be6d23acaef9,Sarah Wagner
a6c280d1-8d7c-47bd-afc5-6c06663eda31,Julie Hernandez
4d3a3f62-102d-4e1e-a74c-298d1a481445,Aaron Henderson
7de775c1-8036-4a96-9f14-3402129d2817,Mr. Philip Mccarty
8ba50c12-85c6-444a-87d1-915ea201014a,Jason Holloway
513efaed-5a6f-48a0-91f0-4d648cde69ed,Sara Hughes
1afa321c-44b7-4c7d-ae06-a752939ec97c,Kevin Knox
446723f3-a058-4765-8259-3078144aee9a,Andrew Palmer
090ff8ee-e2f5-4f9c-b334-dbbb1103d894,Andrea Kim
ab26c86f-777c-473c-8345-08fdbe5acdfc,Joshua Lloyd
079ced48-9459-406d-9e4e-e206af07b588,Kelly Harris
cd7147eb-3eb2-4915-8cf8-bda26c30819e,Andrew Baker
97dd3284-9eb1-4f55-8222-0b0dbf524dd9,Ashley Johnson
703759c6-b7f7-47a3-bdce-6f1f1e13d70a,Cynthia Meyer
6ea9ffa6-60ae-41d8-a7eb-61caaaf8f81c,Brandon Ross
2210b7ff-1172-462d-abb1-bc1a6c7d46c1,Miguel Gibson
341b5e20-7591-466d-a91d-64e2b58c5541,April Reyes
85245671-891f-47f0-8b18-ba9d4c3de751,Haley Moore
ef3379c0-4055-41a7-9191-cffc0fefb660,Douglas Hendrix
e8ad94ec-d77f-4542-88c6-c3acf04a8fd4,Dawn Cooper
a75f8498-2b7e-4aa5-babe-7c7153717419,Megan Hines
be1cbbb4-5fe2-4332-ab2a-c14489b3b1d7,Paul Christian
db6ee66e-a5a2-4b1c-863c-feaea88e1ca4,Grant Myers
c2af39cf-b25d-4859-8e32-41593166c4f2,Chelsey Knight
cac14fdc-fe87-4f56-b2d4-9a20031c8d3d,Bobby Hughes
32ff90ab-77e4-462e-b093-2b77dc1fbbc7,Matthew Wheeler
08fd2965-0330-4735-beed-8874ef5e55d4,Judy Smith
69f37a40-bd39-4719-b610-75cb7da75714,Eddie Morris
c8a10370-e830-44ce-af73-34894d1f7503,Michelle Christian
47f7047a-bc89-4232-8093-2628457c828c,Austin Phillips
8589e299-5b84-427c-bf24-c8d9dbe3900e,Eric Jones
1e9c2d43-ef83-4c0e-be34-789e8f080745,Cody Hampton
4e823f79-8dd8-4280-939f-5012cd90d137,Jason Robles
f570c596-cce7-4dc1-8e18-a9e9478efffd,Jessica Jarvis
95d77e23-81a9-4bc6-9d2c-be0ff5313305,Ms. Jessica Peterson
e6724640-5757-4930-a51f-695fe4220516,Jenna Richardson
79c0aba4-974e-4483-8051-53f4b5519ccd,Michael Bass
cb3e13ba-3d3f-496e-bd5b-c094d446756f,Elizabeth Riggs
16cac6c3-28c1-4394-b508-8712bf1f2f7c,James Gray
1a4872a3-294c-41c5-ac05-498f390248df,Karen Blackburn
cd397f09-ae46-478f-86df-60b1c7ed6f1c,Gina Jones
b71adb83-545f-486f-8136-a09144823b4c,Cynthia Cross
210b5a1a-082e-4a43-ae90-1b5862c11b4d,Edgar Murray
861b28af-6799-4753-a660-a012a6e98c05,Joshua Davis
88164441-3747-4636-8dbf-d7ecae12c62d,Jason Campbell
1a238205-3732-42e5-9c66-2ceee0790d0b,Vickie Robinson
f3a1e1a5-5037-4c91-ae59-4989e5d81c4e,Brandi Russell
ed8a7aa5-4d58-4ff7-be6d-25810788b829,Joseph Walker
a9941fe5-8524-4b37-9bc8-2a155ba1bdc0,Mary Howe
dd34e3bf-854e-4b41-86e2-d700b58264a5,Regina Mccoy
487ef24c-7d6b-4a7d-ab8f-8ec437fc8dee,Christopher Harris
9a18a3f2-d11a-4d1c-ae3b-1495057c5151,Michael Rose
7b73a7ac-e463-466e-8185-ec834b17f7ad,Danny Brooks
0b9bddc8-1cf7-4427-9dd4-cda3e57111dd,Christine Carr
95c63c40-9cce-4435-b598-2bc0c751c94b,Courtney Schwartz
7f44b4e1-6acc-44de-97bf-495d0dfa1c26,Jacqueline Ferguson PhD
74e400a6-8097-4d24-a2c9-0d23a3595219,Sean Mitchell
9421e788-706d-4076-9914-17e0096085e3,Julie Scott
8a187404-801e-4a38-b808-d8e0f4d79c69,Elizabeth Rogers
ea314851-d0d8-458d-8bb9-9e997f2aef41,Jared Carter
6c262f8f-efae-46cb-9f07-d0716194ce0b,Joshua Brown
89993410-fd5e-4e84-a36c-bca64a7395b6,Mr. Andrew Lewis
da8152f3-deb1-46db-acb6-f808db2218f2,Cynthia Harrell
41e2a853-678b-48fc-a9fe-0159d23f5904,Susan Mason
8b9cc138-60fd-44cb-a4aa-702d8589060c,Ross Cox
3ff63572-86e0-4fa0-ac0b-6b9301fcce4c,Christopher Davis DDS
f31dd868-9f1d-4e91-afb9-849924e8a6f2,Steven Garcia
212dc955-571e-480c-9172-b5533502c495,Justin Farley
98f7a37c-1786-4214-9b69-41013178a726,Robin Rodriguez
66cd2ec4-3d93-47ab-bcec-91146b1b3712,Jeffrey Bradley
0a945bfb-9f76-4184-9bc2-5c7c5a02abcb,Molly Sanchez
c4ff4d54-474c-492d-bebc-2f443ecb1df1,Joshua Ortiz
85dfd9e5-7955-4263-97e5-9a4e2ba37841,Carrie Foster
2158e144-b1e1-46a1-a38f-ddd15c3e6194,Lindsay Fowler
ac7ee0ef-9c77-4917-b03c-c88b027399a7,Heather Jones
89c9e3d0-a893-445a-9634-605d5f712f32,Christy Rosario
1f9fa18e-a02d-45eb-a12a-6eb731c3908c,Candice Brown
5454d6b2-0f3a-4f53-9f24-bc644f29e076,Patricia Carroll
6f639476-1f92-4238-9f2d-edb2c1620086,Katherine Reed
fc08dcb9-533c-47e5-8129-e7bf78330efe,Maria Peck
c88a5c2c-a73d-4da8-af5e-0920d0c0eab7,Mary Watkins
a0c47219-b7f5-48e6-81a9-728c61562c82,Michael Paul DVM
dd78f67b-507a-4470-b9f7-252bc31dfa33,Alexandria Pacheco
bb2d2d56-7622-40f7-85e0-cbf7d5293fa3,Elizabeth Jackson MD
57a58419-9190-48b2-b50c-576f8f8ad440,Christopher Holt
860201eb-4f08-4ab4-bf2e-1200a16c1bc0,Patrick Johnson
1a315293-51b2-4a8b-97a7-a8ac1001d41c,Erin Boone
4662d3e7-934c-4ba7-b6bd-115c14bac331,Teresa Keller
9987cb35-2219-4578-8745-9d3d4714b446,Shelby Ross
39c5f479-3800-457c-af1e-d55938d1e384,William Dyer
13951a98-8fee-4039-8ff3-0f8ffe44d4f9,Paul Wilson
1a35f387-8648-456f-b0e2-d32256cf96cd,Michael Hughes
ca363ef2-96f7-4729-83c6-72d6bc05e816,Andrew Joseph
7a8195c9-a934-42b4-9dfc-13fde7784347,Krista Mason
5889604e-0411-4c16-831f-f411d948d89c,John Collins
497afddf-c08d-4a81-b160-6e62903e3a17,Melissa Riley
732b9c88-f80c-4d3f-86de-e32f657ece76,Tammy Church
d190aa8a-5423-48b6-a6d7-cdd733fdbc11,Emily Estrada
3a737adc-d75e-495f-88c9-f9285268f6cd,Michael Smith
cbc77e4a-4caa-4a4c-9f4d-e3c4161c5027,Mary Mueller
bf898a27-980f-49b3-bcb4-e8a7be4ea63e,Bryan Nixon
d7a4d35d-289e-4e4d-8c16-6d0ace7b37cb,Melissa Mitchell
006ef22d-f68f-4646-aab5-5b12cf262a56,Katherine King
87e9b057-67d9-467b-aff7-ba963ab5a4bd,Alexander Terry
ca66d1f0-f344-4343-a7ac-f2c90112d442,Lori Gates
bedf520a-6a38-4bb7-aba8-f11ed79aae37,Angela Lewis
07259d9b-65dc-4342-9673-fa819dfd5dae,Jonathan Warner
6102f48a-2ecf-48c9-8731-90c447e3dca4,Eric Potter
b943665a-5a53-4549-b5fa-60720afda32b,Dr. Kenneth Avila
457e643f-ffcb-4a9a-84e9-82572810a2b3,Daniel Tucker
170f36a8-ca4e-47dd-94a4-3e14d91791f8,Courtney Carter
959e689d-3d4f-4303-a9b8-bfec2567a0c2,Ashley Mcconnell
45c3a677-b74c-4024-980d-9c126885b723,Jennifer Sanchez
b1902adc-f0f0-41bb-841d-3a6eadf3ef65,Michael Middleton
a0ef536b-881b-479e-9435-a307b34487d2,Joseph Conrad
8bf89a5c-2584-4bab-ba3e-42afe87d0d1f,Christopher Brown
f51f82cf-6111-4cd7-b8c4-edd700f7057c,Judy Roberts
d18f87de-c8fe-42d7-b437-c3d2ef05faa5,Joseph Cooper
48260095-4410-4fac-8c9a-b3246a3c5955,Susan Sanders
10003809-bdac-4298-888e-41391efa6ffa,Karen Collins
70e47cdd-7406-420e-bc88-a7d13778b85d,Justin Johnson
3f3a37af-f421-449e-a014-d76300425402,Becky White
e3a84b76-9e31-4235-ad36-08cccefc6353,Stephen Castillo
6334443b-804e-4d26-8238-cd8cc184b1be,Denise Wagner
5d18050a-c4cc-4c3b-a933-11e6fa03d87b,Tara Wilson
8638b9ce-23fd-48b8-aa82-cb2239d95d61,Laura Chen
98dc6a09-6ff4-496f-8727-b14becbbcf7d,Mary Johnson
36dbd07f-80e1-4b51-b60a-48601a62d2a0,Summer Vargas
4868c98f-c9e7-4b44-a0ef-38b02445ba01,Tiffany Davis
42dfb67a-9cfe-4743-bc6c-2659744f7056,Michael Romero
f535c363-b1c7-40d0-91e9-7b88f61360ea,Tamara Andrade
708ffe68-a68e-464c-b357-150465b7dacc,Tracey Clark
a63db2a9-03c7-4d98-8818-6c0f5a5b15b5,Christopher French
fb5234c6-1a02-49a6-a626-3013a31ddbf0,Thomas Velazquez
bf4c9e4d-41ee-4577-bd2c-bde493491b07,Austin Graham
f2c30aa7-5363-4f90-8997-f33b6301b278,Dan Howard
b8a35a96-4768-40b6-8a38-ad601086f7b7,Alexa Camacho
e4585f76-f3bc-4b5a-bc6c-7b2db07a2e6e,Charles Lang
9e2b1938-20ab-4c9b-9b0b-c90b44cb74b4,Emily Hall
26e588ec-7699-4ca1-8a74-aa63f1465f4d,Daniel Gibson
409b7b33-e841-46ef-aa29-ac933bf9ca03,Christopher Jones
60d45474-9fc5-42ac-9bca-a01a33bed089,Jared Bush
2342481a-3be4-4e96-83e7-0abc4598872d,Tony Brown
e054c03d-7ca3-4fa4-8cc6-a8a880a53879,Ashley Mcgee
11844c0a-5f94-4227-a0ae-19fbe4c10667,Dorothy Baker
8fb34697-6f85-483b-8800-bdb0029356e6,Adriana Weber
44423b12-47cb-4e8e-9869-191e63ba54ea,Kyle Sharp
7a72d45b-a72e-470e-9083-7e1ebffed636,Laura Watts
b7ec3c82-307f-4988-b873-0386d914143c,Robert Williams
cb7838d8-fd06-4024-946d-4d7aebb30f13,John Smith
77451618-6ce8-469c-8aa8-3b30fc75e4eb,Kathryn Morton
d148f3d5-9a0d-4b87-85a6-06577b063ead,George Mosley
e08d5d20-b744-4c83-bf91-ee3e6f31c567,James Sanders
5039fd2f-ad2a-4259-82c8-9ec839b85333,Andrea Garner
91d5d0d1-b2dd-4144-a3cf-c488eae37b61,Allison Perkins
ef24b7e2-cc2e-4644-95ff-55ef9f5fd000,Melissa Henry
da6067ed-4e16-4164-848b-13e94e8c42ed,Dominic Cain
091b00c8-2a3f-4e3b-a5f7-1600afc9642e,William Castro
e8387e0e-9e73-4925-9d7a-d7a767847c68,Anthony Duarte
2909d340-fb75-4a68-bd45-ef037445ed41,Meredith Velazquez
6e693dcc-1bb1-4ea2-8c4d-96ae5873d60f,Adriana Pennington
cf77650a-8458-41cc-90f9-4ec9660003ac,Rebecca Wilson
92beeda9-c246-49a9-9811-36500257cd46,Rodney Hart
4caf7c6a-265b-4824-8a5a-4ed654075663,Christopher Williams
11e22713-9aba-4f05-8122-a8c6b23646ca,Jessica Dunlap
a8f7ed02-1e44-40f5-94f1-552bf1563dd8,Richard Hicks
b25b2482-5482-43c6-bcc8-4585dabba7d3,Betty Henderson
27adcccd-49e7-4af1-9b3a-d699b9f6ffcb,Brian Perry
9725d5fb-bb04-45bc-a570-9e30a8364d4f,Charles Banks
b957c6c3-4062-4a42-8d1e-a66cfa3fa2a8,Justin Petersen
7cb0e9f0-1890-49c6-94f4-db8256c5a043,Susan Buck
70b92f48-8641-4a3c-a0ed-f24f4eb828cf,Sara Wong
d170a55a-a48a-4e00-b349-8e8b0697ec38,Dr. Edward Moore
50378f09-0376-4a56-82d5-734970317bf6,Stephen Johnson
63a0f43a-7e37-471d-9cd2-3f2b41200fbd,Gabriel Watkins
0f872699-6cf5-4735-b4fb-be986521b768,James Chambers
6f32a4ad-5f26-403b-a794-d80c33148256,Jasmine Reese
cf750cb1-4276-41f6-b3bb-0f4cb905626d,Tyler Horne
4843a09a-9ae1-43a9-b49a-592512923c8e,Daniel Chase
444ac980-3808-43c7-9a14-6e63a4567674,Dana Beltran
daac8886-ab00-4314-a084-48340cfac228,Robin Davis
0fb7ef1f-7c5f-4dd7-929b-40c7651ba745,Spencer Fowler
0fd75075-be3c-441f-bf60-20f9cc63296e,Elizabeth Lloyd
2b0e4bf4-3d12-4774-a4d1-302530f102a2,Tony Jones
3d01db6f-caba-4aab-a284-ac3b9374142f,Nichole Meyer DVM
ffc8d783-1148-4742-82a2-1193007b5579,James Mann
14aaf7e2-32e8-43bd-b433-7381944539ea,Carla Gonzalez
dc20c3ac-4c69-4b7f-9881-50aae7e505b5,Julie Dennis
2f3fb9b5-6a6b-44fb-8e7c-f1b987fd5d57,Greg Bell
2c76c2eb-83ec-45f6-8009-7994cc7ae615,Anthony Burke
4a440395-b9a9-4992-8d85-d19bfb2b20a2,James Roberts
9fd27f4c-22c4-42a6-b53f-64bcd2fb64d6,Gina Curtis
8fd5b59c-0f1f-409d-aee6-9ae12673d4ee,Linda Williams
1081e410-5348-4125-ab96-006bc3a12ac6,Kara Ward
d6268f78-11d9-4068-9322-bfe73eb3389f,Rebecca Holt
890aa1b9-742d-4397-89d3-f5d630cf316d,Makayla Oconnor
051e3dfd-4694-489b-87fc-7837556c191c,Destiny Rodriguez
3b7633be-1462-4070-b041-613b91fc3882,Lauren Gordon
d416d79f-7d01-497e-8bbb-cc92fdd7c059,Christopher White
91d9b169-71e0-44cb-8428-db174c7e9590,Ashley Hughes
984d9c13-d4cf-4c9c-9cc1-3181b1002023,Devon Gonzalez
0bd27805-9e52-4acb-b3ca-3b18133c8cee,David Garrett
f4c6a225-e62e-46b7-b645-68eccd8136f4,Angela James
3726910f-fa56-48e9-a390-17bf310b7a03,Sierra Williams
d8e7565e-604e-402c-a5d9-26a5228d377c,Alexander Campbell
f17501c8-62fb-414a-8782-508495e12fad,Tracy Austin
99c1097a-2b36-4743-8e92-1256fd2bb8a9,Dan Meyer
426b89d0-04fb-401a-81de-1a8b075818d0,Tiffany Barrett
60eb5c94-6898-47b6-b86a-6b8da674572e,Nicole Dawson
9fad95e0-f55e-4103-9a0d-166ef327d4d5,Elizabeth Garner
b62a959a-e753-42f2-ad48-cc4572256be4,Kathryn Cruz
96e46786-6923-4826-9c33-e1a94f959916,Frederick Harris
96f69722-a3ea-4f85-b54c-73a45acfc128,Meredith Freeman
6c3a278d-1d2a-40e8-9d38-62e493c62a3e,Ashley Jones
e30a70cb-e06f-4162-b1dc-46caa54db20e,Bradley Brennan
7a88fbda-8598-4fda-90dd-874e3a43fc8d,Brooke Morgan
42bcb9ca-53b7-4c24-bc49-c5c795be7b74,Derrick Williams
9d687910-4c42-4550-b8a7-e1caf6b1204d,William Soto
84e04498-0077-4306-82b2-91ebf3af7a21,Dana Washington
e6ef43b5-8783-47d1-b0db-07e2038b0a36,Jasmine Allen
2ff9b97c-4636-4b3d-8457-b3c7e0984e68,Patrick Woods
212375c0-ad59-4082-a0f9-1b807257c59c,Thomas Garcia
532a54b4-7823-43cb-962c-7ab5a6959aab,David Houston
6e4b1eba-f809-4a61-b690-08e6a2b4a7d4,Kelly Taylor
04cc3b8b-3364-482b-9c09-6dbe2eed247b,Linda Acosta
6b21d8f9-db99-4352-aba8-94d08e81b02a,Stacey Ward
be6e63b8-6830-48f1-890d-0a7be445d124,Shelly Collins
ddc374e0-ff89-4126-8c13-c7c855d29f91,James Clayton
8eb6a452-928f-4809-b476-39d0c0465fb1,Wayne Dawson
310a163a-ddc0-47c0-8d7e-e4a0c9703cbc,Benjamin Pacheco
7022bcba-a351-43b2-8743-675d29f2a66a,Nathaniel Stewart
407d7fa0-e674-44ee-a6d1-322832ecb388,Jennifer Howell
fff38561-4e45-4606-b513-8c96c4c47b45,Dustin Lambert
d0ece2d1-d429-4976-b118-0ba9a04e7c9e,Zachary Campbell
2ae04fcc-454d-4bba-ac45-e5120aa70dd6,Gary Barrett
19dd8edf-abfd-489b-aea6-28764a346876,Daniel Santos
4bfae125-1924-4434-b715-46f4565dd5ab,Melissa Holmes
07c4c42d-d369-4688-a202-89d04fcc00d6,Randall Davis
cf6ff7b0-515e-438a-8c72-59c0dc5f9912,Penny Farley
6f8b7c38-e978-4018-9e1b-beda716196d0,William Moody
c6ce8f5b-42c1-48af-bb27-79d2ec472c93,Patrick Zimmerman
82ac103b-c6af-45c9-81ef-e387baef3e7f,Molly Johnson
f5db3773-86b6-40a0-9784-826758b50482,Samuel Andrews
01bba5b2-a20e-4979-a201-1acc4bb06783,Victor Charles
56307548-d2b1-4dd9-abe9-1fe5de92456e,David Thomas
7099d15c-bbdb-47db-bce8-683747bb9c83,Cynthia Cook
dbfe5130-96c1-40f8-ab12-d92897a1a247,Mark Conner
e85996be-e509-46e5-8c50-5848275d3d11,Kristin Castillo
03b534ac-9dd4-4d37-a041-fb1f496f165b,Richard Smith
39d07dea-fb24-49d2-9889-cecd0e95f01b,Stephanie Nichols
2388a563-f332-40f8-8959-dfca1c29e347,Jessica Lyons
fae96cb9-ab90-4099-887e-9664cb8132b8,Marcus Johnson
ade89137-362e-4f69-bc0f-4284d040baf4,Aaron Mcdaniel
64b4c8c7-bfa3-4f13-8503-6466e0768f00,Brian Hamilton
14128b3d-7825-4408-8e17-10257b4806ba,Jessica Combs
e63b9740-9c9c-44aa-83e9-cf280b846c81,Andrew Hanna
897a069c-b0cc-4d99-a194-94220baad93b,Mr. Johnny Perkins
7544a04b-f8d2-4e8e-bc0b-066a1043640e,Arthur Mccoy
84c84d9e-93cf-4a3c-83ed-e86f798c3469,Kirk Blanchard
164f8ba3-88a4-4bf7-9f5b-52a0c71fcf18,Carlos Gay
23864690-d1da-4696-9067-704bde897e19,Jaime Green
cbaaca00-301c-4d4c-b762-6c5d747fa2dc,Veronica Holloway
41ec6c2e-155b-486c-bab3-4993ec1f3bce,Jason Torres
521b4908-98c0-41fd-8ad2-0daaf0c10ae7,Pamela Grant
ee1fc118-0db2-4d11-917b-d966d4eec105,Jason Randolph
a16f362b-b63c-4ba0-b480-7cd6ea3dd7fc,Andrea Luna
52679d5e-71a0-4dc2-a6d9-37cfe1aa1290,Lindsay Doyle
ce1fd7ef-507c-48ba-a022-b96c47e473e0,John Foster
5415f354-53b6-40af-8191-239da4326597,Kelly Jackson
0f983668-9ee6-47bd-b524-b0388f361054,Joseph Scott
9d5c063b-4aa0-47c6-befa-68ec599ae491,Andrew Harmon
8a5534d0-c0a6-414d-966e-eb1d5eec6469,Jeffrey Mcgee
b9558f13-2e3b-45cf-baa2-a918082ea8ae,Monica Myers
9ab07381-04a5-4792-8d21-1d7f7cbf6dcb,Anna Garcia
94f2fd1b-2034-4f2c-b57f-859ca9a02ee9,Abigail Villa
06050d05-081d-48ed-9765-b2e11d3102eb,Thomas Manning
5ba0b5ff-feaa-4aa8-b705-41dc1469cda3,Mary Price
19cc6801-0bfe-43df-b326-a5e3295fb263,Eugene Miller
50bcd419-061c-48c2-808a-17e820ad24a9,Casey Miller
445060d0-05a3-4f09-828e-b9feb2b74df3,Christopher Chang
d6780ce7-7fef-4fba-b331-ed10400def3c,Rebecca Flores
e7cd5ce6-2554-49af-9a24-fc3c1e7958c0,Jennifer White
efdf1c33-9dae-4f03-a484-44cef9a7af90,Billy Williams
f0aee3ad-04d9-46ec-8f29-842103ceef5e,Mr. James Waters
47d65106-401d-4cee-9d95-ffa597c3dff2,Daniel Reyes
7dadf5bf-dbc6-4994-bfe6-eb25e926fd27,Amanda Myers
98405bc9-beee-4362-b517-97a6615af1fc,Dennis Ferguson
ec601f58-32f5-4200-8744-3e433ca43187,Mr. Joseph Harvey PhD
72c387da-e6fa-4fea-a9d0-28eefcdcf238,John Baker
5a5348ef-222a-42e1-ad64-30fd3889b37f,Michele Lynn
579b9226-9bac-40aa-a70a-b0a9c52d9924,Rachel Oliver
86d181c9-7626-4c47-b89d-af5917966cc7,Carl Wiggins
e6788ce9-fed6-437c-959b-133e861217b5,Mark Smith
557ec7c7-c5f8-4a47-a821-e2ac4451d086,Darryl Nicholson
0364ae4d-db7c-46fb-a62c-db1818c69bba,Derek Reed
34249144-9099-42a0-96b5-0c4bf2a69cee,Jennifer Evans
2f2eaba1-4264-4dae-8a49-353497683d07,Mary Kelly
d1faa58c-552c-43b3-9f40-15a8e2db4319,Chelsea Oconnor
25b66b77-5e70-4b01-9216-b0863249b943,Jay Armstrong
9ac165d1-8a34-425d-839f-55e82e80fe45,Ryan Sanders
777a1232-77a4-4e9b-8fa8-ff63385cf771,Melissa Cook
16de1801-10b1-4524-95b1-8e79fa32c25c,Scott Rivera
52a6b7c3-3e04-4b4b-b996-ce09c7629f51,Michael Robertson
d947f353-4979-4146-97f5-7266f5118867,Brian Harding
1bdb2852-380b-49a6-9166-6f85a3d79f55,Angela Miller
ecb3973f-5064-4296-a81c-a16d4946a912,Cynthia Mcclure
205f2ebd-801c-469b-afa1-385d267d5c0e,Elizabeth Thomas
0cdde047-8f28-49c0-87c5-a9dbae61fa65,Michele Sutton
517bd58d-7cba-441d-b31d-524ed8689b72,Devin Willis
ff2ed282-ce1f-4143-9b2a-12658b5eb04f,Latoya Robinson
17d73702-8b41-400d-aa55-3469a33fadbd,Jennifer Bell
4724dcd7-d93e-4aca-9e0b-ff7e36477b0c,Michael Johnson
b5c30670-03d5-4976-aafe-c7deb7606404,Diane Thompson
189afebb-b5e6-4e41-af20-d978149fd7d2,Timothy Haley
b6a779e1-0825-4585-8c26-bb8a8295f7a7,Alyssa Wheeler
1f1df4f4-7fc8-4a5e-95fa-4c30e1eaf40c,Tara Jones
17e6941b-509a-457d-b058-72e49b9e0644,Rodney Clark
9cf2b0f9-8950-483d-b92c-8c07b1c9e5e3,Matthew Morrison
ad38d9af-45ad-429f-ab29-50c2d4455903,Michael Jordan
10b219e9-2a9d-4f5e-a6e5-c3fd339f97d5,Sierra Hernandez
afe92e82-039d-4897-875d-1a9bec99d2fc,Richard Guerrero
e24f94c6-f16f-457d-a8d7-5f8456b569a1,Charles Young
5d075f9d-41be-4a53-9800-f443d405a0b3,Alice Pierce
a01ce7ff-09d4-41d6-b4b9-f23a59e92c9f,Donna Ellis
a894fb74-a086-4a3f-b75a-a1b25f4ff29d,Jeremy Carroll
4b3f8b62-3093-4da5-90ae-32d28662bc96,Peggy Rodriguez
fbb79927-e8e4-4775-9f6b-8487e075914e,Matthew Morgan
59acf248-6e74-49dd-99e2-13e178dcb8cb,Kellie Garcia
d19ab964-5bf3-4c2b-8971-b11f0023dc78,Lauren Herring
d161efe2-28f0-469b-b65e-bf5525575e30,Yvonne Long
8cd4f5d9-bae6-4b0e-8fd8-45ff04c4d30b,Phillip Clarke
fd73ee6c-7cb1-4c97-8a8d-6ed932a5348c,Christine Wilson
1d926bc1-6606-41f1-8097-9007e622ce25,Melissa Tucker
48c78ecd-b165-4e6c-b679-9cfce4a52e40,Judith Liu
d88d1399-9ea1-43e9-a61d-71c218136a0a,Walter Miles
9210ee4f-4c28-4c1c-8397-5225b93b97f4,Alex Arroyo
e14e9369-55fd-4685-82eb-416a00d6d20e,Brianna Hartman
c6a67e73-beb2-4d2f-995f-a50738d5f631,Bryan Stewart
a9a756c2-e4ce-4c95-b60f-c7a1438fe0c5,Garrett Davidson
2ae18cc1-f9f2-4698-9ac8-86870988e049,Cassandra Hughes
bad1d86f-7407-42e9-9083-2fba11a822e3,Kristina Golden
6ca1f021-6a36-413e-a7dc-7775d0068a97,Lauren Turner
d5a39627-8d4c-4a02-b56e-1bf46e04fc6f,Dr. Denise Klein MD
cdd7ea0b-b76a-4e0e-b608-c36203aa69aa,Ernest Blevins
d0a2ea85-6af2-49ee-a120-e2c38bf66f6b,Timothy Cobb
f7a592ba-4382-43be-8506-051ff9e11f2a,Brandon Sandoval
a3138719-ba75-4326-83c9-018cee8ecd2d,Jennifer Nicholson
0d91962f-93b1-4385-a068-92de918181ee,Amanda Lopez
bad0d44e-e0b9-4454-a0c4-28bbd94e43e5,Gregory Jordan
5cb41d51-678d-4067-be7d-d2e9c6caa360,Stacie Pennington
4d429c99-3964-425c-89f4-9cfa49ef72c4,Kayla Rodriguez
c3094d86-6244-449e-9c4e-82975a0313e5,Caroline Ayala
5ca9e5ab-e0d2-466d-9140-e9519d29dc22,Anne Harper
c1f7681d-f814-456b-809f-7cc787662249,Angela Gutierrez
99f1ed45-7390-49bc-9a4d-8dbd4de73dac,Nicholas Avery
0d263d6a-b834-4f71-b8ea-c316577a4e5e,Sharon White
5f84daec-6916-48cd-80b7-33968f700174,Jacob Barton
add77f96-0dca-4aea-af42-41c4c3f7b71a,Eric Mullins
c3c5df8a-c2b3-4936-be92-dcf30352731f,William Smith
36f4a9b0-4557-4231-a41c-88209b1b68f3,Stacy Alvarez
a7b94634-4d22-4de5-ad88-1ff91f5e6107,Tanya Reed
b01a75de-8815-4159-9e5d-732e7538aecb,Jordan Walsh
e8f63e99-cccc-4520-a22f-e24772b7dd6e,Ashley Oliver
257ecd22-bb08-4cbf-9462-73a19cf6ff9b,Richard Terry
27f1ad0f-635b-4418-b311-dc702115bc2c,Kimberly Dennis
ddb6acd2-adfc-4286-873d-113bb2af2d60,Juan King
62169bc7-6078-4595-b533-643a78602097,Taylor Sherman
62224483-4245-4d58-b626-020e8528b8c0,Vincent Alvarez
58b79b38-5c80-4ab6-b20f-45449e0386f6,Amber Rojas
6835c9cc-6fa4-4c3c-8fef-2048c932be55,Mark Schaefer
47a8c8da-2e30-4830-9470-f863dc382934,Dennis Watkins
b2896d79-ed16-4bc3-81d3-b6e7c26e2311,Monica Wilson
601ffa0a-c132-4cf0-adc7-8a378f8e1b83,Megan Griffith
7b1f4b9f-ad8b-4a01-bc7f-45ccabed50a9,Charles Patterson
96eaf044-f517-4267-bf0c-6370487297e3,Jasmine Hood
7a96ed59-1757-4bbc-a79e-188ae3ba1b46,Natalie Dyer
7ccdc1d3-1087-47f9-8bc8-6b85208a4496,Jeanette Cox
bc879b6f-d569-4fcf-aa90-e947c46ace9d,Gregory Turner
3f814514-9e34-4049-81ae-286244a6c773,Lisa Green
4a13ac26-439a-4832-8b8d-11b588a3e86a,Brandy Martinez
52c92f76-eb65-400c-9ead-32bc4e53d3ef,Timothy Reyes
1a7081ce-1735-4a9b-a585-7e5b28414d5a,Michelle Cook
b4dbe143-dc35-47f3-81d2-6239125d49a9,Teresa Hunter
8ec6ece8-aa2d-41c5-b08a-5eff8817e991,Jerry Saunders
f0746e73-0761-44e8-ae4c-4ed48aea7d8e,Lisa Peters
8ae9a631-9de4-42b5-bdd8-8152f935650d,Wesley Russell
137d1686-563c-47bd-a810-d2408e35fba8,Tanya Cruz
4dab41c0-f07f-41e5-b712-daeb03c2c13c,Erin Shelton
8c7d364c-92b5-460b-8c77-ed32079b2b89,Emily Robinson
ce3cb006-cab2-4f9b-9acc-f93c51916b6b,Savannah Kennedy
c5a5a3a8-7351-49c2-8d49-1efcef6da572,Peter House
7bcf3868-92b5-4271-a8bb-bac3a1d180f0,Virginia Willis
ba1a66f6-6784-4e7d-9884-f85cef214149,David Bowers
d691a19a-c56b-4fad-9918-982867e36167,Colin Thompson
328a3cfe-b944-4196-a1b0-30c5ffd09f5a,Karl Adams
70b1a121-bead-4b2a-ac4f-241c5b82cc62,Alison Schwartz
e4fd5e52-8d18-4c7c-b818-c2ed68515a96,Christopher Durham
b956eb8e-771e-460a-9c92-4bb775789c36,Joann Graham
6ef8a527-e8af-40ec-a6a1-ae627999b29e,Wendy Bernard
3fb69d04-d377-4921-87dd-f840a05ab232,Michael Richards
0448c1cd-89ad-45d8-ab7a-b4adee35eb51,Monica Harrison
00724400-3080-497f-a7f5-6a638314c9b5,Michael Lawson
3af5506a-8862-4a8e-bc60-0cf760385fd8,Gabriel Ford
de48d355-30b8-4763-bc03-e3cdf6f66f8e,Justin Blackwell
03fe0c77-6a29-4b29-b55d-64b495cf5ca6,Nathan Gibson
15603125-5cd1-425e-9a50-711a9ebcdbba,Melissa Thompson
611d9afa-5ae3-4ae8-bcf3-c5440450dda5,Jennifer Webster
5341f306-fe23-4fbd-8e31-8777482bdeb2,Michael Klein
cd651cce-c867-4f4e-9dec-e62f53e44265,Dr. Gail Giles
e87c5d02-ab63-41ae-b5ab-2724a094480f,Courtney Stout
e802ad7d-4c01-4f76-a852-b37d2deba6e5,John Fields
ef74d504-d23f-4cb7-a518-3e5794d6a2d1,Dawn Sims
dd632da3-8136-4810-8b37-6474e0ed8c3d,Richard Duncan
909ce75f-6b28-4a18-8bb8-f9dacabff7f7,Erika Kirby
fedf7f47-b791-4e3e-8e62-369f6b40eb34,Jesse Atkins
ffed39f3-7a85-40d4-91a6-bdfb01ac33e7,Lori Delgado
18a2be5a-4f4e-49a6-8085-4dd778bb4d41,Jason Smith
68da5d45-2f59-4a3f-abfd-69adf8867a2d,Emily Ware
55ea70b0-6e9a-4ea5-84c5-107ab6ae6733,Vanessa Mitchell
2b2fe1ea-8b71-4c6b-926b-492536439a4e,Katherine Booth
3027b79d-d529-44c7-acdf-d4ba47e760d3,Frank Diaz
4a6ef67c-2b97-4b4a-8326-95579ff1e1f3,Ashley Fowler
c91798f3-034b-4625-9255-1bd0ab71d327,Angela Ramos
832c129d-99cf-4e13-a68f-741eebfb7fd4,James Gutierrez
00d62a40-5579-4ea2-bc59-defab6dcf690,Megan Lewis
7e150f1b-6eb0-4e6e-bad5-d00bed682275,Cristina Hill
3b8d115b-4f66-4e0d-9642-7a67446963d3,Allison Davis
1285813c-f6bf-40fa-a6ec-313d6d775d99,Christopher Smith
7c489ef8-d4d0-4858-8a1d-c2643aecb172,Matthew Hernandez
35187e95-2fd3-4464-a8e7-6fc424ebe674,Traci Armstrong
befdd8f2-15ef-4ef7-8552-89dfd31bed78,Manuel Wiley
a1e34c7c-9ec9-482a-9073-55067b245504,Ricky Davis
e5b96ec7-338e-4393-beb6-6041b23b7227,Patrick Evans
c008e1c7-0bfb-4946-bfe5-ccd79c305ff0,Danielle Austin
6825668a-5850-4873-bc0e-93f6e3a37df6,Ricardo Miller
bb15753e-3930-4800-93c1-cf4dd10c2c28,Jessica Howell DVM
b4fedb0b-2022-4e6f-818c-8c998abe29cc,Tanya Coleman
78f4459a-0284-44ad-a7db-539051a1d61b,Benjamin Meyer
1dc5dc22-7079-45b2-8112-f5c980625267,Stephanie Santiago
7f5df86f-46b1-4c69-89c8-22dcc90f48c6,Jill Johnson
a57bd3de-41af-4637-96c5-2ad5e60bed33,Paula Shaw
267dc888-c512-4143-86fa-41b7b6546d9d,Nicholas Smith
c87caa14-9294-4ee6-bb3f-aa6b0f0e41a7,Mrs. Rhonda Hawkins MD
7d6da2f7-1013-4ff3-8349-377f4b5fea68,Barbara Jackson
8f3bf5a3-77a6-4e94-a8ca-ddaf592ba6c3,David Cook
3aa08280-2c1d-4583-b652-0f9a4665e3ca,Felicia Hogan
34c5c7af-7e09-42b7-8f6d-07dce442162f,Carl Randall
97389e3f-a77d-41e8-9ed0-0bae054f65a4,Justin Jordan
d81e902a-17a6-4e95-87e4-b2126f28fb5c,Chris Collins
a7dce565-8284-48d9-8fd4-c75a79c2fb2a,Steven James
c3615ff4-093a-44f0-86c6-f58f8b1066fb,Taylor Stephens
93a0b006-30f7-45d2-b540-4faf186c9aee,April Gibson
38e05635-0319-4540-8901-52aae1ba11f1,Joshua Moore
643a29b3-cb8d-479b-9e55-5d0177dbf4ff,David Perez
5fc440a2-ee2f-4983-aa07-d374d3fbaaf8,Kerry Allen
1091fbe5-dfb7-4792-b5a7-3a6dde8f5458,Kenneth Cox
06633ba4-3665-4320-905b-f9aabb687fe4,Michael Little
21e14711-22e1-4bf1-a25c-407e56072cb8,Robert Hogan
3afe3043-c36a-4615-99ea-37a3e508ae1c,Paul Rice
ec134120-7457-4fdb-847c-cd80f4ef585a,Jonathan Morgan
8f771fcd-e3e4-462a-878a-fda031233d00,Christine Bryant MD
d33eb347-bcf5-438a-9847-0ee1dc6ff19e,Jack Baker
be78e5e1-7f17-4efb-9974-123759c11907,Thomas Brown
e1895d8b-a7f7-4c50-88a1-95ab5d2fefbc,Rodney Harris
65ef2ec0-a283-419c-9ec4-36f376a3cf6d,Sherry Morgan
08627e6b-cf19-4eb7-b0de-63414c50f8bb,Christopher Pineda
e4e66c27-d2d9-4724-b1a7-10da9a33d015,William Campbell
89174ba6-2567-4be8-b222-90d1a61c775e,Patrick Kim
bb439a58-e9c7-4c8c-8ac3-965b4d1bd0e8,Eric Simon
f7666ddb-6e49-4017-b768-782da06dc465,Amber Patterson
3b48f72a-ec0a-4508-8010-aa38d9d06f41,Joseph May
30ecc15e-34a4-440d-a3ab-374c402c080b,Anthony Jones
6e59731f-091f-41c7-b272-03445d7671de,Jamie Patrick
f15916a6-f114-4f9a-adc6-d9c80104ff9d,Jenna Harper
065b138d-ca61-4e5a-92df-9241ac1c2b50,Ann Johnson
e1921b84-857f-467b-a3c6-1fd5f5427baf,Deborah Roy
728c0a37-64f4-4ecb-a9f2-a0c411de2896,Jill Brennan
9b63a43f-3ed0-445a-8f61-8ac76ecc2e23,Ricky Black
d3da8132-24c6-48f1-9f9a-0d00131453b7,Jason Martinez
e2294783-d34a-4bdb-89c9-00066c7b3ea5,Michael Gallegos
c6d7579b-3b81-46f4-ac6e-8912de109b2a,Paige Rose
afb49cd8-3ab5-4573-8793-35de07f9004a,John Bush
ccbbb14e-0856-468f-b81c-2cc608d90153,Cameron Young
23ff1386-137b-4f84-a5fd-fe44c2404f40,Leslie Wright
5931c05f-a608-40b7-9e04-26583f047e2c,Lauren Smith
739e088b-6826-4be5-8fa2-b2a390018d76,Jerry Taylor
fe66e7e3-9fad-4d49-9e7b-bcaa47a4c550,Matthew Vance
37701591-6107-4302-9d51-6fec86c3abff,Jessica Smith
2d2791a0-84fb-4ef2-9325-d291aac3c309,Joe Johnson
e8cec897-da04-4ec8-8df1-65e7df499e76,Gloria Jones
7f84dbac-1f87-41a3-a052-d3fa6938640d,Jason Duncan
04ff61ee-4568-4a67-a202-2f69a5074a44,Kathryn Roberts
7f3c55db-975f-4739-9168-bdc6683d25f6,Eric Hernandez
c58cec85-6b06-43cd-b53e-4648fd0b92fa,Laura Vasquez
ef0f2ca2-5bd0-46bd-b751-44fb22e12aed,Jason Hayes
1cb4eea3-bdf3-41c8-b3f8-352dc65cecf4,Hannah Price
f8ff69c9-dab0-442a-b91b-7a887be241c7,Alexis Mason
0bf95960-776f-4097-bf1e-63bf180ace99,Shawn Berry
4eb04957-93f8-4c03-9fb4-c16ba022f53d,David Oconnor
52cd1f1d-9ced-482b-90fe-25bd68ea7dca,Andrew Carroll
86554cb8-0293-43a8-acbf-dc49e47fd7a0,Allen Daniels
c6170344-18d2-4a3e-8609-abfdfc5e991e,Kimberly Simpson
3fdb5f2c-dff3-4d14-8b02-13574232d665,Wendy Jackson
271a1854-c1f4-4094-8bf6-3608b50f2b93,Valerie Miller
c9c4e5fc-295a-4699-ae9d-c123ae655102,Charles Morales
c5546bcb-41af-411e-a800-515a4cdbc272,Dawn Shelton
ec6eb6e6-983e-4362-ad3d-9c4e072810f1,Heidi Ferguson
0e9d5e4d-2430-4866-abc9-4e648609e7e9,Katherine Adams
a2e10876-9953-4db0-9b3e-a5bbf0ffd1d1,Shelia Ray
8197dfb1-36b2-45f5-9ffb-2486ea07c4e7,Michael Black
90859311-625d-4109-9c46-bbb6d22628e8,Brittney Castillo
fe8252bb-51eb-4239-964e-3bfc49309f68,Susan Oneill
aff46f49-a0ef-405d-9ef9-f96ffb07c739,Connie Mooney
7d2d4476-db5c-4507-9248-592de9b6b673,Veronica Carroll
fe39e90f-33d8-4f85-9532-5c7d0455cc2c,Leah Rogers
6500e637-e1df-4aec-abfe-931d4efc33e1,Timothy Garcia
bb92c04b-6f66-4f55-81ef-5fc719a62e59,Grant Raymond
8e9e812d-ed6f-412c-be3c-6db2460b66bf,Sheila Valdez
d77429ba-1836-4e3f-98bf-6ebf7012bba2,Shelley Wilson
8ed19bd1-61ce-41ec-bfb8-fef24bfa88f6,Patrick Miller
1838e7c4-7eba-4e28-8c57-6745aea82d99,James Schmidt
4bc24d04-5d1e-4344-b7f4-8e60900ef1b5,Calvin Rosales
3416f538-1c26-44ec-898a-f618bb8bcd51,Peter Lang
484b19b7-a116-4c56-8103-2b3724880b54,Raymond Johnson
3acf8833-21d2-4a30-b2fa-08e84fce619c,Louis Morris
eda424d4-38f7-4061-8d1e-9911f3b5344b,Nathaniel Rivera
c0a67058-8453-4059-b322-aef0bfbf215a,Samantha Gutierrez
8ea955da-c1da-4b7c-a0b6-84231d76a53e,Tommy Porter
2dea2c8d-6a31-4a99-bb12-f426f6355534,Erin Tran
abff2ec9-04eb-44f3-97d7-38d0928a0f19,Jacob Foster
21bf7990-f1ad-41c3-be9e-44c9e088df85,Tina Adams
11aa32db-c295-464b-8cdd-3abf7ffc7ed6,Craig Graham
7ab62d42-d973-429c-941c-6f6b6e6227e0,Emily Parks
ab0320f9-c9d5-468b-bee8-1c953776263e,Mary Ramirez
818d3a57-032c-4dc4-bb0b-e06877120f9e,Margaret Ford
b27950ec-abd6-446b-beca-202c83cc1844,Daniel Hamilton
5576f2b9-1bba-4969-8266-6d44b954f024,Darius Henderson
f7d4b774-309d-4286-b6f8-6acf2e60e235,Donald Brooks
62da8ad3-1a79-440b-af4d-dafc60fdf9a5,Emily Pierce
64ae0ecf-8492-4c31-9649-9c806850117d,Nicholas Garcia
39a58c8b-f98f-4077-b43d-c303f796cd12,Lauren Patrick
68cd5984-6c33-4089-aee5-99de0f1a5e40,Stacy Jones
a4c2640c-bace-49ab-a111-6ef9f69cbb00,Dana Cameron
ffdd5dff-affd-44a7-8317-36efa798dfc3,Lisa Howard
461b7cbc-5a56-4f99-9834-e3dbfd02abaf,Gregory Ferrell
30dd789d-fe42-46a6-a38f-1b7279c3e3f2,Kenneth Graves
976860ef-edba-4824-a9b5-875615610dac,James Cunningham
4ebbf714-d6ae-4c38-be78-4a15bb0cec96,Caitlyn Thompson
d9cb8436-3818-409e-8c0e-efeb9ab60571,Jean Silva
8ee60668-8c38-46d7-88c1-ce524385954c,Kevin Rodriguez
c70963b7-aacf-479c-aef8-9a6e6501439a,Alicia Lopez
868191b4-4dad-4db2-ba86-7afa4d920f89,Steven Norris
803960e0-e630-4801-9404-043abbfff593,Edward Flowers
77332f63-03f3-48d0-bed4-05e33d88640c,Ryan Luna
c11bb0fd-146e-4a2b-bd8d-09ea81bb8ab9,Michele Yu
a1c10adb-1ff1-4914-a23a-a61ffe68ad89,Meredith Patterson
1845572b-2da0-4485-85ed-bb7deced766a,Lori Sosa
cc7f2938-a5fb-43d0-9b6c-ffec416bb26c,Jesse Simmons
7a7a444b-7382-44e2-bba4-e3e1a4461ad7,Daniel Robinson
dc163efa-c6a4-4427-8af4-eb48748be80f,Melissa Murphy
1536e7d3-de3c-4eb1-9879-99c1f6b4b9f9,Tiffany Sharp
8d2fd687-b832-4984-b487-9d76362a5bed,Kevin Bailey
0ba44d56-e9c9-4926-88b6-e87f69289c3e,Michael Higgins PhD
7b76b299-fb23-457b-81bc-14b209072c21,Mary Kelly
780d6b9e-24e3-47bb-9a96-1bd3ec71d9c9,Cheryl Bailey
795dee42-de89-4c6c-8738-5426f55162c6,Jason Silva
aac2d209-c42b-49d3-b51d-369fea65b284,Samuel Navarro
59d9aa33-880d-49ec-9ba4-35da31161772,Mr. Nathan Collins
6405c2bb-927a-4991-86fc-bee5a720f1ee,Ana Brown
f284b1b3-7ee1-46ed-9246-e493646f95e7,Anne Jenkins
4db8c909-c58e-4194-8532-c4a950f107d3,David Marquez DDS
a287f4a4-4433-4c8b-99a9-966b8eb64833,Scott Carter
e9483d8c-e850-40b7-8cc0-264bc4cd17bf,Donna Nicholson DDS
42755e2b-1e30-4057-a452-c7f008ecba18,Gregory Weber
1f30cfcb-4131-44ea-b7f7-6214747991fc,David Brown
ce29772e-28f3-4776-9630-20d35823b9f5,Robin Peterson
8f0d8f89-054a-467a-82c7-6eea2bd580af,Emily Jackson
6e8f961a-5ea0-41c7-b8e2-f4384b17617f,Monique Mccullough
c7f08780-420f-473b-aeb2-6fbac2f09adc,Samantha Jordan
0d712046-1cd9-4bb2-92cc-a675ed1245c1,Tristan Alvarez
40774771-c052-4302-b2ee-74b8f693147d,Jason Middleton
338b02c4-b354-4e62-b6f5-54e6dc06868a,Barbara Stewart
68668a21-7369-4d38-af91-b1be2e75cea2,Kyle King
6d957914-4e7f-4418-a189-34c56f8e3e32,Kelly Brown
406862fc-55e0-424d-bfd7-103a404c5574,Brandon Cooper
7e72d25f-d31e-4cf6-9a6f-1402135f7e97,Jose Ward
6f746e00-95e5-4d45-81b1-22d02a4d5713,Tina Robinson
4cb43a29-0582-45ff-b5b0-d67b7e5e60fc,Colleen Wilson
876c8a49-f847-4571-bbb1-ce79797f4892,Stephanie Reynolds
edf30632-73b0-42ee-8583-0a38068f47f6,Courtney Diaz
16db7322-81ef-4de6-b30f-8c2dc7b030c0,Amy Nichols
f63a2384-7c7a-4265-a77a-dfbaf8dc99d4,Jennifer Donaldson
53b5c171-e7bc-4e1a-9154-bd7078d706c4,Jordan Perez
e801536f-f686-4e60-8e2e-4f5eb14d24ad,Whitney Lawson
f15b3e19-18fe-4152-8f4e-ece70df391c4,Aaron Smith
0cff5518-8d28-4068-970c-0fb657ee7d24,Julie Adams
413765b2-90a7-4e69-a65a-84dbada647f1,Tracey Brown
48caef44-b9c8-40e9-8ea4-e5d5b1ba9d6a,Willie Kelley
9f9adace-15d2-48a8-9adf-fce9961ae602,Terry Vargas
a52b9178-d703-480f-8ff6-cc8689692162,Sue Avila
4004973c-b7e0-47f8-b6b0-503cecf35d8c,Michael Edwards
78389949-6447-422b-a0f2-c9fed36991bd,Lorraine Walker
51c7446c-0ae6-4a15-a47a-5326a354000d,Calvin Poole
841c4b9b-fa99-4a9f-a940-7464ce1a7b18,Krystal Wolf
6d5e2886-7fa8-4875-a6c1-3fe6bdbed997,Stephanie Warner
8c3f7e01-8cc0-4ed7-9fd4-d98d4f9c4b83,Eric Brown
231389fd-5ced-4426-aa50-b4f2ce15df6d,Karen Pittman
80a2d199-1e42-4eb2-8cbf-5f3f56cc874d,Heather Adams
c4211b63-b268-4726-b9f1-10d51498a8c1,Vanessa Gonzales
42a7e009-2f5a-4995-aea2-833ba0949bca,Cassandra Elliott
c577f778-7e79-42e8-8dd2-33ae1723c7ab,Olivia Cummings DDS
e6b14b2a-f8fa-4c93-b8ee-c9751b7d8fe5,Tammy Washington
ef4fe7b5-95b8-4755-8c16-25e4866ac64f,Erin Fletcher
29cf5904-ed91-4e5e-881d-1b52a3df050f,Charles Clark
f9150af7-7c26-42aa-8832-256e007b8dfc,Richard Singh
6c4ef05a-f94b-4a08-a403-5adc82541cf6,Alexandria Juarez
1bdaf465-b9b2-4a71-841d-9305342be04a,Anthony Franco
dca4fed5-bf65-4720-b18b-e8fd1963566d,Marisa Lewis
53f4b5e7-4591-4d43-ba71-4e3f4db4a0a6,Mary Jones PhD
eb66ddc0-70e1-44b3-94aa-9c6c05ebe4b2,Eric Valdez
f1c4aa2f-f326-4b84-adc2-2dd7104da1b9,Ms. Margaret Chen
f485217b-0f7d-43d2-bef5-c085fa8ac2c9,Alexis Roberts
e3e8b219-0f8c-4775-9138-40fb454eaa3d,Courtney Johnson
5e8c5d1a-19dc-405e-96cf-d61236f7cb63,Marissa Todd
1f7e2efc-c36d-4f1e-82f6-b18e91fb7536,Rebecca Waters
1c6023c8-6c16-44b4-ba4b-9f59e39a615a,Charles Khan
f77fc72c-908e-4554-8ae5-ba662809a4fe,Deanna Gallegos
5a8dab63-fef5-4367-8f5d-cd99455f5014,Lisa Wolfe
c25a5a31-89d9-4099-9c29-19b972f6672f,Rebecca Williams
4811dc06-d5c9-4df4-9a06-414aad0c738a,Vincent Thomas
9b7cb090-68f1-4200-81ff-6116284ccdf2,Adam Christensen
f4f27e13-d9d6-47e0-96f4-e004552d84e9,Olivia Baker
4648676d-203a-4a77-a39a-9e2ef9796c71,Sydney Nichols
125dc383-456f-4688-9756-2213c9c8621a,James Banks
d91e54e6-ed71-4c7a-91af-c574211e8336,Connor Savage
c54b4cf1-f389-42bf-a9dc-16c75f727348,Devon Carter
1f06eab1-00e5-4df4-b6f2-f814b0ca8739,Derek Johnson
017e6021-624e-4c3a-8110-7049ed041590,Jennifer Rich
abf7a204-d18c-4002-93b3-45eafffd1a77,Jennifer Hamilton
959d0938-c479-4c8e-a1b0-cb3fee79bb64,Kevin Garcia
a38edc56-35f9-4b58-b4fa-f69862497c1a,Crystal Scott
b0f71f7c-07b7-4f90-a92e-cafd20b1ddbd,Megan Wagner
6633ad52-f98f-48f7-9523-3339bb404fb6,Sonya Perez
0796befa-e25d-43ae-8c35-2a2e96b4228b,Jennifer Jackson PhD
ffe4603f-c1fa-424b-bc3a-0c1f41a4f515,Daniel Thomas
74c96b29-2de9-4401-9f87-840e18e5339b,Charles Lane
c41340d0-db87-4915-85eb-e0b7c730c656,Ronald Smith
2ae8daba-01b0-4721-ad8d-654438f8fc68,Brian Lowe
95c9964e-cb4f-4317-8737-a4204350b781,Martin Frank
c07a42ed-ef25-43f7-9a43-be3f269a66ff,Rebecca Stevens
7938c00a-0077-47f1-a477-f5667cbb1928,Richard Figueroa
b8294897-6c3c-47e4-abf2-07f1f22dadd6,Joseph Wood
f67b3498-ec43-460e-8432-dcc136970e5b,Andrew Doyle
802f5cf5-c0a2-4bc5-8ae6-aff19d5ded0b,Sheila Williams
7efb204f-6f92-49ad-bb33-cb7588dc5749,Jake Robinson
2811dc01-06ab-4a15-9905-d4c2ac8e44aa,Angela Marshall
faef7910-9c94-4f7e-9450-175db605e1da,Joshua Rivera
2d369ba7-1b65-4cc9-a6ff-07e37aaa56f6,Tammy Brown
dbd658c2-cf86-4243-a78d-438e54726383,Sharon Poole
e54afa3f-c2e1-4ae5-8154-fe6238e29b3d,Derek Martinez
5213ff99-55c1-4e4e-a7f2-6a0d420e29f7,Daniel Mahoney
5fd9b506-0a5c-41e8-87d6-fa7ebbe309e0,Michael Taylor
0f002d99-9fc6-4252-9c9d-e43f12ab6ca5,Mr. Timothy Brown
173ab0bd-2e63-46f8-981f-cdcffd9f39fc,Aaron Diaz
e2f5bfdc-ed62-496a-a7d7-907318375de0,Tiffany Figueroa
788d4475-e5c4-4024-8b73-ca420a39a762,Madeline Arnold
d901f71a-0def-4a11-828c-f1bc00a48ff4,Maria Nunez
f64d81c6-5f69-4ca1-bf29-f446148e7e11,Johnny Santana
fdbaa562-df65-4c52-8006-48ea3840cec0,Alicia Walls
18450fd6-c8ba-4da6-9de0-42cb4480ea5b,Robert Miller
c71a3ed9-aee3-4196-8213-628e8bf3b2d5,Denise Flores
9219b9df-ae89-4ee7-93e4-7832667f4817,Nancy Vasquez
c3180922-9d6b-495a-b133-ba1997fbf9d8,Mary English
f4d770a8-2642-4947-a097-04d063566705,Brent Tucker
7e961519-357d-49b8-bf9c-6df682ab78d7,Nicholas Randall
fbd6ec79-bda4-4286-b1b7-11385f5d4293,Lisa Anderson
160a41fb-d964-4b59-9865-daa6d1199184,Gerald Alvarez
bfe16830-6e64-4eaf-a619-9c2fe70e2094,William Mosley
879fc07b-8a89-474a-9d37-a5949d31bc6d,Brian Barker
b756c6ee-9634-43d5-a2d4-4c819b31a61f,Natasha Hall MD
77f0f6d8-8e4c-46f1-becf-1de629a639dd,Theresa Johnson
4d51080d-e1d8-4f27-a8f3-f6813f0a059f,Kimberly Hudson
b3570304-359a-490a-80e7-d91d91abe63a,Brianna Anderson
55bf74e6-c8f4-4ac2-a37d-feaaddadc42b,Kimberly Strong
d93c5c7f-a1d2-4495-b96e-63f1af6770a0,Robert Singleton
36e54e5b-ca19-4e78-a9de-b1aeed279c5a,Rebecca Johnson
ac776ea5-52b4-4e9b-9233-09d032df772b,Valerie Lee
3bbb4045-8b77-4cba-9dd8-104512233cc5,Mr. John Watson DDS
5fb6def1-250e-4ac0-a349-2d2c6b8141c9,Monica Adams
49ac3d4e-3534-4af1-ac22-7422428ea919,David Fernandez
426da3bb-81c0-40a3-bcad-acee03061201,Amy Alexander
781f7e3a-115b-447f-8eea-b7772b376d31,Steven Smith
16cba94e-bbe0-46b1-b7e8-7116a27db2d6,Kevin Sullivan
7a34fc04-eb80-4a08-a1d3-7a7137a926f7,Melanie Smith
5c23b008-0c2c-4ec1-9d6f-24561882f381,Brandon Parks
4a18c23d-8258-4dcf-b3a7-0f1e077a0063,Brandon Wilson
da4cec79-9eca-4d42-9e78-fcbc2e49760b,Zachary Chapman
d73188ed-3296-4a5f-905d-b84ad5131e15,Emily Miller
7fc73bcf-63aa-4de9-8d4a-5ab09ec5cbc7,Rachel Stewart
05d104ff-bf55-4236-ab3b-5d00f221dee7,Kenneth Watson
0e0e11b1-e893-414d-b564-132aa14cb617,Alicia Erickson
27402212-6a56-40fa-a047-56f3740fb887,Austin Adams
0dfc2251-b22a-4243-9d3d-c99f38d4deb6,Kristi Kirk
17932099-04c1-4a54-857c-eef450f0aef5,Derrick Adams
a57a7ba2-60ee-403f-a560-706cecc134d1,Jennifer White
8ce1d25b-8f7b-4bbd-ac35-16fc183d6d5b,Sheri Edwards
05d3bcd9-3880-4811-bcae-ad0fee552a62,Emma Schroeder
1630609f-49c4-41b3-932f-8e997fb6b00c,Betty Carter
d51a1765-4b16-44b1-a145-e7b2548a7743,Michael Torres MD
2ae0ec92-0d77-4de7-93a9-730bb9c59203,Jessica Andrews
95f73485-d89d-4c9c-a832-f3363b9cf118,John Bailey
bdb1bf1c-ffe6-4a30-88db-366ecfbad211,Laura Fitzgerald
49a1de8b-0292-42ea-98c2-6b72ccdc4e09,Megan Gutierrez
5fe46d98-50a4-40c4-968b-2f42011e0b3b,Joan Barnett
3893299f-d67f-46df-bc27-45715dc72d29,Wendy Delgado
99b5aa27-b647-40d4-add3-028b34f1d7c9,Steven Cook
45d4d9a0-4a69-4d60-81e2-14354e811205,Thomas Chan
e11653b7-e8d7-414b-ac6e-14f38570d6a0,Dr. Adam Mcconnell
d358ae54-7d2e-4876-9e38-6561dce4eb03,Allison Gonzalez
89c77f06-2e71-45d9-a601-217e2ffd5793,Charles Freeman
4418b96e-d0a9-4a7b-b9f3-ba937d73de3a,Steven Spencer
c40ddbc7-e7da-4bd2-b947-6478f3bce30c,Brittany Jensen
ec9b1ad8-a0ca-4fcf-8497-b89e7cf8b942,Toni Morris
0d426548-289a-46fd-a6bf-b4b6d416114a,Kimberly Hart
2ebcbe41-ad00-407a-b068-4e09cef9b7ab,Brandi Perry
bff34c9e-eb47-4352-b6b9-a80a5e445c92,Sherry Bowman
7a9cbe52-66cf-4628-9732-d81d772bfb01,Kristina Armstrong
89c70938-07d2-4470-9f53-f1981c4f8a29,Angela Howard
b90d58f5-0184-4de7-b69b-0e848e46b82b,Gregory Gomez PhD
cf8faba3-352b-4ef7-90a4-2f4d8cd4cbf5,Nicholas Bauer
b66ebd65-87da-4c72-a205-9c75f78d7f79,Travis Bennett
b6d9f463-2b26-436c-abba-2bd1f2e039ef,Joseph Santiago
f901f302-71dc-4003-8315-55e29ca9f071,Laura Wright
30622a09-f93e-4bab-b38d-0881544bc94b,Andrew James
345d5a5b-3d0a-49c0-a24e-f1e6a9ba249a,Kristin Jones
fb647588-f72c-4369-92bd-36baebc9d525,Adam Ponce
f509f106-97d6-4a5b-abac-0f11f643ccff,Amanda Bean
5d2ec50c-dda1-4058-8a18-9b7d38136457,Meghan Klein
7cb877b9-8d7a-42c6-9a0e-a073d33664c9,Ashley Barnett
10052398-0190-49ba-907a-d62c3d4feae9,Michael Cordova
ca02b983-9697-4b79-9800-1c0a2ca25933,Lisa Chase
cfe17c47-9193-48c9-88be-b6eeac4a7cd5,Angela Kirk
44d6ef9c-3220-427b-a0fc-2796766cd783,Robert Fox
a4e762f0-cd64-41e8-8e4f-b1e59e5586d3,Tammy Bartlett MD
8bf01a56-4dc6-4e91-b32c-699b31b616f9,Susan Nguyen
3eef5daa-b250-4dbf-acab-334050c23c9b,Robert Fleming
ab36459c-31f3-4474-9ff8-15c194fdeaa4,Teresa Romero
826d5723-086e-4d88-be91-6f53514260a4,Mark Dorsey
daabf37d-9e45-4b92-960f-afbfbaacb90b,Mary Wang
e2a7dd0a-acc2-4d23-acd0-eff5872e56a5,David Meyer
fd0c33e7-d497-483a-9828-8b4b9eb21bc9,Jacqueline Garcia
bb929d47-6969-419a-b1a3-76a9d8f768dd,Stephen Knapp
81a164a4-c4de-4e54-b6f6-7e81cfebc25a,Debra Howell
b02a0ce2-018b-4b74-8535-a8a0fbbfc5d4,Julie Wang
27e161a9-744b-4b31-a8db-b1bb74a8f4ba,Brenda Kim
ef948e21-c02b-482d-b4f9-31c9f06537fd,Joe Abbott
f5bb8414-068f-4609-9f26-8c4fae8841a0,Michael Turner
3a31a603-3edd-4957-8de0-bb5928c80b3f,Andrew Roman
b45e7f3a-ab17-4072-8dac-bc31cb246438,Joshua Jackson
c796965c-fd01-4bfc-a1b7-b79c64368ee0,Krystal Harris
aae0ed44-c37a-48f9-bf91-c15bbb942ec1,Faith Johnson
26e739c2-4839-4568-94cf-e0ba1c624685,Zachary Acosta
ca1dd130-d676-4cef-8002-d46d3fcbd17f,Victor Jones
b2127f5f-dff7-4f03-8746-7e8e2916ea04,Jordan Conner
c989db85-5071-4abc-890b-bb81d70cca6f,Kristina Lara
ede4e210-5d7f-4f67-9241-e53e4431c032,Philip Herrera
f6267d0a-887f-4b1d-bf51-b5e079290e09,Scott House
bf7473de-61da-4f11-a978-5edcf592c0eb,Melissa Andrews
e013b080-f0eb-4214-85a3-e26b1bf46bb5,Derek Ortega
bded4fbd-a896-400e-9b45-6cb3c19e97e5,Dawn Cook
e141ab64-f0e9-4a3c-9c48-f4c556554218,Cassandra Rodriguez
bf53f9a4-f74e-40ad-b411-87d7c4cecaf1,Amanda Russell
d6d4abdf-f3fb-4923-8fa0-94aac662b2e9,Frank Rasmussen
e6a540a8-4796-4bdd-9a23-38f9b637be2a,Joseph Wong
5a41e991-e40c-4488-a2e8-8f4eaeeaa5eb,Michael Aguirre
a9c1d7ea-ccdd-4975-8ac8-fe765f704f78,Marie Henson
48428862-cc3d-4e10-9edf-87a9557b6cef,Margaret Jones
392e7bcc-a026-4857-8188-2aa6bf8bc157,Amanda Williams
ff6c2efa-5039-435f-b838-54334f0338c3,David Erickson
cb6211ec-b4ac-4f9f-a334-9f2a3475f76f,Henry Morgan
ceeb8d30-b446-4fe0-bfff-afbbc5d18eaf,Andrew Baker
67c67e60-9c07-4280-ac2f-eabfa205e886,Ashley Watts
4881cd63-dbb8-438a-8703-02e10235e55d,Christopher Reyes
abbdc544-e68f-406e-9f85-6675c8f4e1ef,Stephen Hernandez
b6dbe083-943f-4ccb-8f63-71db84d07741,Deborah Taylor
4f57d830-a08f-4d38-ba80-e31431051c63,Dominic Roth
4cf7a937-9e33-4295-9380-5ddfb6bbd5cf,Briana Evans
d811e211-ac25-42b6-ab6a-8eeeae27691e,Joyce Carroll
fc99a770-2756-4b0f-8b7b-4799cf3bf074,Erica Mayer
08a32e5d-5573-4167-870c-7c0c9900e329,Amy Wallace
fe8827c0-e639-40f0-a708-f7f71ddc5efb,Ashley Smith
24d4bff2-7cb2-47b6-ab8d-646087cf1b3c,Shannon Martin
8e479db5-31c3-4151-b6a8-bb4819cb3a89,Susan Nichols
2b934c63-f8af-4817-8ceb-640210e798e2,Rachel Haynes
949ddaa8-035b-4178-af9a-f2a7f5534290,Lisa Bridges DDS
839fa453-027e-463a-b825-a2f5f13c903f,Michael Smith
987d42c6-fc4c-401e-b970-bf86b5d86569,Charles Edwards
b2d7de22-ca7f-460c-9555-68c147a1608b,Danielle Hanson
75bb2549-4212-4aaf-8343-3bf69797cead,Maria Arias
11f3385b-f368-4e03-929e-5d700e4e42b1,Jesus Rios
70ede78e-76ee-449a-ac5d-2b2576be6001,Trevor Kim
5f2ab786-f0fb-4cf8-bf78-8dfd881dba83,Aaron Luna
a5794dc4-2a49-4133-8d5f-f1fb342f72c9,Diane Sandoval
20a006df-c0a9-47c6-b17b-6e553642beae,Peter Hebert
5627c8e3-ce45-4b02-a8cd-00ab054434f7,Anthony Ford
edc7f206-6990-4b7a-8d9e-840b37a05c21,Brandy Castro
f4b91e05-43ff-4e13-91c8-5a0719ace95e,Nicole Castillo
0b3a4455-7def-4f80-bcfd-77262106a096,Danielle Hernandez
261bdcf6-ce6e-4c84-ae30-0bb8cb5faf80,Melissa Jenkins
58a7ae30-5e83-46fc-8db4-27ff275a3260,Gary Anderson
89c58063-ab25-4213-8bcc-6935bece0a20,Tony Smith
31c9e493-9899-48b8-925f-32ae4eacd00c,Michael Lewis
bea1e7fa-1926-4b40-bd1c-a025d10d2f98,Sonya Bennett
d459734f-c869-4f2e-962f-2a5d782f9be2,Laurie Morgan
3eb9ed77-ae6c-4dc0-b514-8c732f24a47f,Justin Weber
1fff267c-7779-4ed0-a733-2566303b8a2e,Mrs. Kimberly Johnson DDS
597eacb2-f71e-4bae-93f2-8e13d3f36ff4,Melissa Hill
28db7dd8-3e7c-4b98-90ce-8088a94f19fa,Linda Dillon
6716208f-6e9e-4683-99ad-3f005fcb34a1,Michael Martin
10299aec-d5b4-4c8e-bff9-dcc0eb73c142,Joan Mckay
a53f0480-67ad-460c-9c81-3a6947ad8549,Amy Wade
08f72c12-803d-4533-8006-e8773fd3c9dc,Yvonne Porter
0802d56f-84b1-47ba-adec-d977bc7a8447,Kevin Gray
574eacc9-fae8-4b97-a02c-67ec67337cd4,Kimberly Harris
86f5e810-fb6c-4100-865b-a273f9977472,Michael James
d708b347-ea3b-4a52-bd1a-483dd5d3415f,Anne Mack
dd29bc55-30c5-46e7-98b6-a6a0e96fc491,Jason Hess
c9547b4b-76f4-4e70-b3e5-e4c309d7978c,Teresa Ellis
f6908656-7aae-43d7-81c5-f969982bd76d,Emily Tucker
be37f5cd-ff18-42b3-a135-99305c11128d,Andrew Warren
29db526e-6a54-41e2-889c-e1069b164a20,Jill Boyd
df1cabfc-2ff2-42cd-b06f-6fb045837cc6,Brittany Davis
632b5d5f-224f-4a35-b419-135178883ab2,Craig Reed
7f0bf999-d6b1-4af2-91ee-0df6f3bc78c8,Claudia Schultz
bca2c528-5050-48a9-abc9-e1a3841aab83,Brandon Stevens
f51b2e46-ee04-4ac0-994f-9bc0fae3397d,Martha Clark
038be69f-25d3-4707-aa78-dbca023a661c,Samantha Henderson
0422e487-9882-47de-97bc-4bfa508b040a,Noah Moses
53ff4786-d156-4e2d-8348-66bd27e8bb05,Anthony Rose
49ae53d0-8f25-4caf-9def-f67e2f7b1646,Kenneth Jackson
110947a0-79c0-4d43-a392-fdbd7b53683d,Jamie Gallagher
97974b45-7ee3-4087-a3c9-99372194f5ed,Jordan Richardson
190dc2d3-60e7-4531-8008-05cf02c27a03,George Benson
f1e1d5cc-97af-441d-b9bb-1b18afa11999,Monica Boyd
e727b44b-d0d8-475f-a987-2e92e5a8c11e,Lisa Yang
0d6ee021-a9e7-4570-b849-a319d0091b70,Natasha Snyder
c197bbea-a978-4f27-b0a1-2fa8af3d32f0,Julia Stevenson
84e4465c-d245-4ffb-909d-98b9b2ac1343,Natalie Graves
f3af97d6-60de-4d66-87b0-8a0341dc657a,Lisa Buckley
7aba9f80-fd12-4a63-885c-5a52307d1564,Mrs. Rebecca Johnson
85bbe9e3-cfee-41a4-be79-6ce7c9ba860b,Diana Collins
74821a39-57c3-4aff-9449-d4fac8cc9e09,James Carrillo
bf3bd497-c023-42e6-a444-bb13351a39c0,Benjamin Wells
8641427d-b5af-4a15-8c54-850efd5bfe09,Andrew Hubbard
d7a13365-fe45-4d35-b6c7-6959a8a33a0d,John Williams
bf376ee2-3cab-4559-9ac6-c713db377357,Jacob Nichols
8c45c024-40d5-433f-9fa8-bfbbe630b90f,Stephen Rodriguez
4bbce48a-4e22-4426-a99b-e991c308f093,Heather Andrews
ba10d23b-4623-4001-b24b-857668ba5c42,Kelly Williams
fab26062-c21a-4036-a6c3-d4e9d4dec568,Reginald Miller
ef11797c-e446-412d-9e8a-0eef0dbfa18b,Jennifer Padilla
febc0b07-8ce6-4115-a67b-2ba8cc83a3ff,Linda Nelson
75587141-382b-4e20-ad5e-2beaa09cda04,Kelly White
b27f3712-1b8f-49cb-94c8-0bfb26d966f1,Jeffrey Frost
d48b1178-ce58-46bf-9f8f-06f60b8bad4a,Melissa Estrada
0d56b819-26ba-4454-a02c-6ffecb065aa7,Jill Walker
b5116ea3-fe24-4289-9e40-8eed16cecf42,Cassie Howe
9c256dd5-12d0-49c4-9b49-d8ea47f252c6,Stephanie Wallace
7e0d75cf-2ebf-478e-ac13-6f092b122d94,Emily Horton
a7890f81-2ce9-4294-807e-105522b9bf69,Vincent Rasmussen
4e8b2cec-b127-40aa-9257-8094a53b2aa3,Chelsea Lamb
69a488d0-163e-455c-93a0-ef0d80af7059,Cody Ramirez
d8ed6986-4e74-4128-ad9b-d415a4fc2bce,Erika Griffin
b3ab9a38-2cdf-4186-af97-119782d1f49e,William Jones
6cf53836-40bd-4bc9-a43d-baa70deaf819,Sharon Morgan
49447a53-a2fd-45f5-938c-8356de509004,Adam Anderson
c36bab39-350e-41db-84cb-dbb84b4d470c,Mr. Steven Melendez MD
8998c56c-a8cc-4f70-b950-15eba7ab9e36,Crystal Perez
1d1c8d91-5d1b-43c0-b0ac-83103b5e94e5,Sheena Richardson
c6be2582-760b-4df9-816b-0b19f2a22611,Kim Garza
c9a4d05d-146e-4279-af75-e1603db0b134,Stephanie Hansen
b4ca5537-48a0-4147-a072-2e2cd481b8af,Alexis Gregory
691ce611-066a-4162-9b50-d06175796a5c,Nicole Anderson
362870be-d1f8-4d44-b05c-e655b71eff5c,Ryan Alexander
d7ee408d-7361-4c23-999b-a008a16f946a,Stacie Mann
20314a3c-cc08-48e2-abbd-4d26044a1bed,Christopher Carpenter
ea344970-267f-4cc9-8588-ac96c7f98e63,Lauren Barnett
7161e274-7fc6-481f-a7d9-81310bcba068,Sandy Lara
5fcc7b9b-e79f-472c-be13-ae8bf889b5c9,Michael Jackson Jr.
85b447c9-7e6e-4fbd-a0ad-e363cea41b09,Carol Harrison
7bbef745-a04f-4c7b-98b2-a884f9c24a43,Andrew Berry
ec56c304-1091-4cd0-a69c-e02db8f13946,Abigail Powers
82114c25-87fc-435b-827e-16b4d681f030,Jared Peterson
f90d09d1-be52-4d6d-aae0-f10581139957,Ann Phillips
ae85e2c8-cac1-44ae-b497-6fd14e170a23,Kellie Calderon
822e1583-7fd6-4b61-992d-c9dabaf1938d,Matthew Gonzales
9562088d-0151-4a5e-b71a-dbc1b393afea,Kenneth Hawkins
9fe1ac52-175c-4492-a0b6-c919934ec5ba,Taylor Wright
84920a79-63c8-41df-9d72-932621198e3e,Rita Jones
c9b83f40-b2fd-4691-a4d1-a8434a77a524,Louis Clark
382c491e-cae4-472f-80fe-dfad7577c441,Christian May
d80c84d7-5f7f-48e1-ab59-b0aaec6170bb,Carl Mcbride
5066f6ef-c778-4519-9bf8-a58bc1f8d499,Daniel Johnson
9a5c0517-7ac4-4d4f-aa9c-3a9472b1c034,Jason Steele
75972e24-8963-430d-8105-6970ec8c2f0d,Martin Evans
43c8e439-ab78-4293-bbd1-a8adeb0d43b7,Cristian Berg
08cdfdba-798b-444f-9907-5eae6970f3d3,Mrs. Michelle Brown
eeee50a1-ee3c-48cb-8288-f4c808a276a2,Cassandra Price
4b083ec5-61bb-45fb-a0ca-9d7e703f82a8,Ryan Cross
46faa611-8c2d-4b41-92a4-b4d2696fd6cc,Jacob Riley
420bf670-af46-4ed6-b0b8-a3b14303b958,Heather Hamilton
ef095c66-dec2-4499-b415-5f2f49e684b9,Stanley Rivera
e4cc833a-fe17-46a4-95e7-16b2a8e24994,Justin Oconnell
e4cd7c89-1cae-4bdf-af0d-b8f0c048b5f3,David Hayes
7888688c-0282-4262-a149-116e1f2b858e,Sara Mahoney
c6f5a9b7-c089-4851-babc-8d3103ce80ad,Michael Bender
150a817b-9212-4f1b-824a-4abb2c874e6a,Christopher Ward
ea6a75bd-b3b6-4c61-aef8-8d84eb80cce3,Michael White
49c25dee-1895-4665-9f17-84c5f84a29d5,Luke Taylor
9be58917-e2f2-4322-b1b7-1c638499ba3b,Emily Sandoval
35cd5d16-1b83-4e89-b264-2ea558bdfa74,Lisa Thompson
ed5e3805-7363-42f7-bc08-6089bb79a75a,Riley Watkins
b15753ef-1157-43c2-964a-1bad43dd2962,Shari Horne
38158c0e-a29c-461a-821d-6efcdf145f13,Travis Reilly
c5b4a4cf-d7e4-4a8b-a97a-bed6ed388a02,Sydney Middleton
849617e7-756b-4d6b-8d93-8b228178ae75,Sharon Mejia
cc6f0e5b-620f-4c85-bb59-e4e360987e40,Aaron Stewart
2ea4d675-c30e-4c3c-aaf7-e3eeef9611bb,John Ross
316a6a5d-83e3-444c-83d1-cbf836de1eb7,Robert Brown
43498302-f152-40d5-ab20-3c928ef06a66,Rita Hamilton
f967bbe6-e2cb-423a-96ea-f0cb3f788c7b,Kathleen English
d5a9c3a4-8005-4c1b-ab7d-049b71378a79,Christopher Thomas
0ccfea42-5c50-4b3d-bec6-1f3173f5a0c0,Jonathan Thompson
7f30c920-0d9b-4aa2-8818-e5c567163f39,Tammy Lopez
83c81018-d8e2-4ea7-9d66-f5d391e836ab,Courtney Miller
9fb7f031-325c-4bd9-a44c-d7896217f723,Tyler Knight
16c821e0-d4c7-45b9-bc26-52e26fd1a7ba,Toni Miller
2970ce0f-88e2-4e1f-8583-b217b2c482b2,Joshua Gonzalez
837afb15-3ee3-4e7e-a77f-ec4a7855e1bd,Robin Ritter
dcefc67d-33d6-465a-b059-ab129259222d,Robert Miller
93474702-3199-407f-9fa8-6002f5a09c3a,Felicia Allen
6c7aa3d8-e61e-4714-afe0-6033447a4b43,Evelyn Cook
266491b6-49f5-4995-9ef0-b483a265de35,Jessica King
9f0ec981-c0f3-474f-b1c9-324e704b16c8,Marissa Adams
c26c02bf-30f7-4c20-9b76-ba55e872bdad,Aaron Smith
18f223a9-32b2-45c7-b455-d8e335d19a4a,Mr. Nicholas Cox
09488bd6-179a-46f2-a529-7546c2999d6d,Angela Torres
c69da455-fd5f-478f-ada7-4386aefe2ebe,Christine Gould
6663dd8e-c027-41ea-b15c-0a0ded212937,Veronica Wright
903f4912-1c89-48de-bdb5-d47151329237,Keith Jones
536e8a46-3f70-4681-ba26-91d2ae4c9294,Darrell Mccormick
f136555c-7f9a-4d27-8f58-6b9e22465e43,Lisa Woods
3bf4d1d6-ee0d-4cbe-a6e1-edb72cd0b871,Christine Miles
79769963-db8c-47ec-9948-74f595ad9c58,Sabrina Jackson
ad9d2149-7108-45cb-9267-835804c90cb6,Laurie Mack
c4a486bb-1098-4618-8ff2-6f804a27f255,Brandon Espinoza
82d073e8-4e2e-4897-ba99-f541de7189f9,Thomas Sanchez
849261fd-1956-4861-86f3-a9e4f2f2d56b,Gina Hanna
66a8cf4d-c3d6-4503-8335-94793d9ef642,Kaitlin Mueller
c1db962b-8576-466c-bedf-b9d569d06032,Mr. Mark Thomas
5ed3138e-4448-46f4-9fc9-b9ccf9ac9512,Anthony Yang
77e750e7-9b65-4d3c-a6ce-b9d85e6e3d60,Amanda Schmidt
dd8e0b38-b22f-4952-ba5e-f37af960bcc4,Samuel Ochoa
67c0017f-54eb-4dd5-bbde-1e1131689075,Andrew Macdonald
da94efb5-6adb-4b97-88b2-fd0b0b6ceb9c,Timothy Wilson
f8758380-2e26-4ed6-8f98-b93eaa430f7d,Melanie Zavala
6d495f1a-52cf-41f9-ab29-353b6b077b8f,Christopher Nelson
382d6c55-afad-4d45-8a5c-1bf08f469664,Lauren Preston
decb6b6c-0ac7-49c8-8d3a-281460f81f08,Patricia Rogers
c9082199-b392-428f-a8c5-b813b58f3296,Tanya West
95e7ec56-9969-4e9e-af0c-3826f83575d0,William Ramirez
2939e744-0e31-41a3-ba3b-32f236eff2c3,Kathleen Hawkins
32cf949e-3026-4e30-bdd5-6a1326b291b4,Melissa Jones
a72be0b4-76a2-4286-b171-7a49e9cf7bec,Michelle Hill
a4221166-6791-438a-8f4a-d29f030d15fa,Connor Parker
0e64e549-5d15-493e-8671-b69eabe92ce3,Hannah Case
dfe8ffb8-bc02-41da-be64-1bad420641aa,Joshua Lyons
33762491-264d-48dd-92f1-6f052ccd4b57,Adrian Moore
6a1a5386-f272-4e91-bc50-387cfbb160a4,Jorge Bell
8565a8ef-92a4-4d4e-a953-dda26687235a,Gary Ortiz
c6d8bd4d-a800-4f4c-9b9c-37292a9d855e,Michael Vargas
c1529ed5-33ad-4a2e-a375-18c39eb85800,Elizabeth Spencer
7ab71855-608c-47a4-a3d4-515cdc1719b8,Kenneth Shepard
3ed1241a-276e-42a5-9f13-5ed3871ab7d7,Tammy Frost
f76aaa73-2ccb-47a2-a672-776844da458d,Brooke Bell DVM
baf5e1ce-d45a-4abf-ab2c-b5b267919f6b,Savannah Brewer DVM
53eafa8e-2d2c-4480-92b4-600acad6e70c,Allen Lewis
f3087312-d562-44b0-9aa7-3aeeeceb99e6,Daniel Rogers
b854714a-3e86-445c-b3bb-216bddfcb794,Mrs. Jessica Bowers
a3a75bc5-d08c-4905-a37b-6cd20ef9b2f6,Adrienne Black
a07da8f0-aac5-499c-8a16-34e27b454e9e,Cheyenne Smith
587a1213-bbdd-4673-8462-2f606fdbe093,Roger Smith
95067a8d-45d5-4a1f-956c-cdfb1bd68151,Matthew Hartman
4e9df66a-4ae6-429b-b606-f0cc640a8dd2,Kimberly Ortiz
98e94144-cfc7-466b-b5f1-8cb8a2264534,Kathryn Hart
87e4f2e9-3cad-4b20-b920-7df7a631279c,Megan Walls
02129540-d268-4f18-8be8-4c3e2b0afdd9,Michael Fritz
4919268d-dcef-40ee-8f5f-e3bad63a6766,Thomas Williams
901d18d6-6435-4edd-b5bf-bcb0651fa0e7,Margaret Howard
137158b3-8717-4e0d-94a3-f1baf0227000,Joshua Clark
832e571a-fa61-49ab-aa1c-774c1122682a,Brandon Salazar
d242f435-0ac5-4466-a409-79702e22ce27,Tina Robinson
0a3244ef-a0d0-42c3-9d27-c62c3aaf557b,Emily Anderson
5eb0845c-6af6-40ab-a6c3-0125d4ec8a26,Ronald Beck
b5261d3f-f999-4df0-b1d6-7c28e6febdaf,Nicholas Young
effe87c7-0b96-4d82-a6bd-066e1d09866c,Shelly Swanson
bdbfcbd4-a3fe-4337-aa61-d2303d451f85,Roy Farmer
249143e8-f05d-4b64-babd-31b860605fcf,Amanda Acosta
23af9c15-f01b-4110-8e42-5ff9075492a5,Kimberly Bailey
4ac5f3e7-1264-4b9d-ba5b-d01c88f97fb8,Gabriel Hicks
de332804-69a2-48d9-901f-493d65634851,Ruben Bell
92c9e766-bbdb-40eb-9005-9129089bfe97,Kenneth Contreras
a1000b12-c07f-419c-9d96-4185059b3e0f,Patricia Thompson
c6b40ea3-9f89-4891-b351-e5d5f4236e8c,Jared Stephenson
a7b7625d-f75f-48fd-8c7d-ee587769a677,Megan Pierce
38468071-1f86-449a-94d6-f742d160a5a0,Brandi Williams
1a65304e-c650-4d3f-8aaa-854150c8b01c,Timothy Chandler
790bca70-0ffa-450f-a2d9-75c201e4ef2d,Amber Parker
bea28c36-c529-41f7-a235-a0b7c29bde67,Jeff Rodriguez
231323fa-f86a-4112-95a4-f16bdd1b7797,Lori Huffman
f0dabe34-99cb-4448-ae5f-8d52a4fd48ba,Alexander Young
9136ed76-bd9c-44d7-b1ca-f305c0a171c9,Kyle Benitez
ac624538-af08-4ffa-934e-18fdfd89c219,Miguel Myers
5233ac2e-c43f-4e05-894f-24449441a26f,Rachel Baldwin
2a506864-74df-41ab-a985-653a508c7f7d,Patrick Sanchez
3665bc62-9d80-4081-b4e7-e95114da1377,Wendy Duncan
6389b634-23e4-4cd9-b24b-9c069056d6bb,Joshua Adams
e3bfe36b-c775-4cd0-a488-a22f81f3b50e,Joanna Payne
b61f83aa-7194-49ee-9208-1147ea9eb6db,James Steele
372b2b90-ace8-4878-ae60-3cd406bccc9b,Jeremy Foster
b5b2c0aa-09b8-4492-a530-dcf51e52b293,Michael Powell
4a267fde-7fba-4c3b-82d1-cce0875a4a9f,Kenneth Watson
d28663a8-3ed1-4c2a-bb32-ee85ce04f4fd,Carla Hill
5b4525fe-ee42-420c-8d3a-7ca057085e3d,Nicholas Baker
41d56222-12a2-4955-ade3-9e6f9c296edb,Hayley Vasquez
0e4f5c0c-0412-44d9-861c-9cbaff3ee1a0,Matthew Flores
140f8687-f0ea-4b27-88dd-2934e7e9db66,Mark Stuart
df441550-83d7-412c-a5b3-672c4a6c9993,Sarah Neal
881d1a84-8813-4202-b4b2-dc33706b4d9a,Dr. Lawrence Hopkins
7efb7721-607d-4d96-b1f7-2c81981ce2f9,Kayla Scott
abe7e132-086f-41dd-a9be-4ab3f8c2a5ac,Sandra Chambers
31e3138a-855f-42f7-a362-8ea86fac9ad3,Donald Diaz
6b10573d-b057-46f1-861a-401e644b6ccc,Nicole Ramirez
1c257820-8fa6-4d3c-95b7-0567c027266b,Kyle Harris
231d5deb-e094-4fb4-a533-75f401e38c08,Christine Miller
6526252a-d684-46ab-87d6-e727f13a8115,Jennifer Bryan
58dfb1c1-fef3-4866-883a-84a93337f566,Paula Adams
b2031b95-c818-4580-9f1d-ba53ee310585,Pamela Santos
1849aefa-5c30-4636-8abb-3886c8b803e3,Anthony Jones
74370084-620c-41db-bbb4-f04d0cfad1a8,Ronald Fernandez
f9a72677-79fc-4d3d-b571-f0774632552d,Judy Cain
0ac4ceb2-cc50-4b38-954d-f9d795d3182f,Michelle Johnson
f3a4b0fe-8a83-42b3-8bee-e0cb5559aaa2,Amanda Delacruz
0b2f4118-573a-438a-8306-e8c16684f650,Rebecca Torres
c25e6ffd-5873-49a0-bb69-e7a5755c55d2,Richard Brown
ae54570d-34de-4902-a47d-ec80e764848b,Craig Phillips
ec71cc92-abfd-4bad-9148-e208dd56e1f3,Susan Ward
e69af36b-0915-46a2-9ddb-900efb67b1e6,Tami Huber
3d3619a7-c017-434a-8335-a4cf308c85ce,Shannon Carrillo
e9b19877-174d-4abb-956c-b7143872e91c,Taylor White
2ad147cd-18aa-4dec-b60d-e0b5bd2a6157,Ashley Tucker
98e7f058-b210-44b3-b3ae-f7ed48813907,Karen Robles
17751d74-09b5-4d28-a1a7-2f5fa79e0034,Peter Larsen
115a8131-852a-4166-a2d6-53f655496be6,Patrick Powell
67eb4cb3-6863-4494-be64-9bb6cd2f1a39,Patricia Prince
80b1e7c3-3d59-4555-9bae-0dbfdf439747,Shelley Rios
e53e3a08-39ab-4f78-874f-ff0c9e4eca64,James Hernandez
41801288-756b-4c98-a0bb-0c114f201eb8,Jason Dixon
b01bddf9-5f48-4cb6-b3a2-ac2138e7f5ab,Paul Sweeney
97f887ab-14bb-4a2d-8acf-4baf90b929ba,Michelle Thomas
05801325-af28-43c3-b5fd-a2e0e35ea4d1,Gregory Roy
4c65b721-85bc-4a5a-9230-cf5ffd8ee6a2,Heather Carroll
a0b74af5-b2ae-4f38-9999-94dec32f20eb,Anna West
4456e790-ac2d-42ea-add7-5b827bcf4e69,Barbara Avery
49105ef8-cf74-4970-ad09-4a3db240089d,David Jones
f7fc124f-44b6-4e86-bf30-625c6e69bf08,Diane Phillips
a2abe2f7-04c9-48ce-a423-a6b89e4e9aac,Margaret Harris
2f1c3c5f-d52e-48a5-8924-f26e90951fde,Sophia Davis
ce19bdd4-4702-4471-8107-02664ff11f75,Shannon Rodriguez
6e78ea9e-b04e-4a54-8604-9bc82b1065aa,Dr. James Hoffman
5a0bf7da-4046-4ec2-82e0-a62b7f940a46,Donna Brandt
36acfc6e-5f9c-439e-abeb-4883eb60dcb6,Phillip Hernandez
64dc0cac-1125-4586-84d0-73551c4b887a,Lisa Meyer
d70efaf9-ac75-4960-89ad-a4e27eaa8b78,Ronald Noble
a9ed2d2e-b71c-41ac-bf53-ddbc6d1c6e81,Kayla Ortiz
c22213c2-0617-4b54-80fb-b264efc3c865,Sean Graham
86372487-1b1d-41d9-836a-74c69b6fdbc0,Monique Acosta
2c06d2ce-cc6b-480b-846b-a7a5a1eab5f9,Joseph Bailey
2b48b546-cad2-4e14-b829-e343a6281579,Abigail Wade
07526d67-b335-4316-82fa-18931f75d5b3,Diana Aguilar
384797b3-623a-48b5-b880-d511a6bca42f,Zachary Jones
7ccbe9e5-e000-4905-b76e-06fd81e96f71,John Yu
7a36888d-e2a0-4834-835a-13f4007cd19e,Brandon Sims
c4dfcba9-7c17-4ce1-b898-5dd6ca7f69fe,Mary Payne
f0e6d608-e4aa-4825-98c4-942e08c76110,Matthew Brown
59213e82-017b-4ec3-82cc-1b0ad8c7eeb3,Brett Ryan
7ad6bd81-00c8-42da-8344-07686914dac8,Thomas Zuniga
472652f1-ce92-4337-83e7-229ed38537f1,Anita Wright
4a129572-4ed4-47e1-b0e2-ee00d750b38e,Ana Smith
05d77803-3ee2-4b14-92a0-2af19544c488,Christine Garcia
557b0af9-cba7-44eb-88cb-601b7df7db75,Charlotte Martinez
5c029730-d6a5-41bb-87c7-6f48cc25d0a7,William Marks
1ec9b15c-45dc-44ed-8805-7c9ae98c4d72,Natalie Brown
86a71eed-1cf8-436e-a428-55670fbe909f,Andrew Ayala
59b5aabc-30da-45b2-afde-305b624824a1,Caitlin Yang
aa50d5bf-b8d4-4fcf-af0c-65d0b790d971,Krystal Lawrence
030253f3-28d6-45de-96ea-35e79e05a579,Patrick Crawford
6d485d79-af90-49a9-8c19-051e3ce42469,Emily Bailey
8c8b0a16-a159-4ed5-9c6d-2fd55d232024,Benjamin Long
71e786ef-d8c7-4016-b8e6-3dce06ecb5e8,Thomas Mendez
c3a95194-5f6b-4ca2-8921-6245813b758d,Sandra Hall
1f0611e3-4906-40fa-86da-d45d79574971,Mark Potter
8dc92195-b1cf-456f-9b73-b0f4f239442e,Brittany Robinson
40ae0c9e-db1f-4a89-9c93-2486dc2d9d92,Richard Hernandez
78bf52ac-9d9a-47a7-82a4-6f46dce2faf1,Julie Walker
c1ba3d08-6ed7-49be-bbb4-6e8a3bc59009,Cathy Bowman
8732341c-6a8b-4bc7-a719-a9ae4a71d153,Rachel Santiago
823ace13-9f6e-4f02-9748-e09afe55da5b,Cameron Webb
13fa1ce6-f93e-46a3-96be-f9cc3e1e566a,Dawn Bell
cf78c684-92ab-4e2a-8d9d-aa8126ec45fc,Michael Lopez
b0db4b87-57f8-4d80-a38c-8a490ba44b8b,Denise Vazquez
72df1a90-a81c-4fc8-8657-f9748a192267,Brittany Brown
98ad99a2-0cd6-4c55-93ac-d5118895bad8,Barry Keller III
ed1ec2b0-6467-465e-9be9-9823612a9f8e,Carmen Spencer
19c10267-6a58-41e5-a7fd-4c92156deabd,Wanda Bruce
9ee8b0b0-52dc-4105-9823-bc3c72af7b03,Danny Mccoy
d379c466-42fb-4389-b3ea-5848c0676b71,Erika Lee
01870035-c978-4d5e-8a22-c14f05a06761,Anthony Perez
9f0207db-e8ca-4c67-a8db-9fd18b804ecf,Samuel Nelson
523710d2-ccfd-4753-b02f-baf62f1a3f52,Eileen Roy
b9c4d266-b20a-4115-ad89-a697582933f2,Angelica Roberts
41e33f09-1758-4562-8ebb-29300ac17c0f,Jennifer Kane
fbb3ddd2-0cd4-4ff0-a682-0c683568587a,Dakota Thomas
7b62da90-af2e-45e6-8135-e84a3b82e711,Jacqueline Wood
cb9ecee2-e239-4d7a-8630-ad3d74a0710c,Melinda Pena
667d774d-1e81-43d8-9580-56106ed278ef,Diane Perry
1d8b4fc9-aca1-49f8-aa17-16bc58d0d841,Veronica Williams
c6c86441-3b99-43c3-817f-7c37595bd561,Melvin Petersen
1904dea4-4bb8-44d1-a7f1-5d859461bdee,Michael Horne MD
56ca87ce-054b-48e3-aac1-4b6d6f1fe85c,Cynthia Stewart
e35d36ee-3d0b-45e5-8b18-03eb01037589,John Smith
83b1459a-9810-4bdc-91f8-3ac5088ca2b7,Justin Lee
e6d8e662-45f1-4188-b692-e0be8717f5fd,Kenneth Green
a649247a-a0e4-471a-b4a1-d12931797b8f,Stephanie Leblanc
d6268a76-00fd-40d9-92c9-b0085e6bacb3,George Owen
95789b85-9146-4b2d-80e2-2c3659a13852,Allen Walters III
3300d46d-aaaa-4b2d-a079-c74959ab8348,Stephen Sanford
3bd156b6-dd03-4087-beea-8df5be7af92d,Jasmine Griffin MD
a2dff1f2-c03e-4b5a-8186-5ed725b99cb6,Curtis Joyce
aa533f97-cd22-4eec-9c84-4b99fcc2f781,Christopher Dean
43cb0a6c-e392-479f-8e66-68b966258833,Mark Williams
4df1185a-dc7b-40e2-b7b8-984d06c98b66,Shannon Lee
1ae1e007-29f7-419a-b844-6b674ce5222b,Robert Nguyen
e85dc1bc-fcd1-4ae7-b1d9-f7a1740a4560,Mr. Richard Rice
7371194b-77ac-47a3-b525-d99f83f8ba4f,George Baldwin
e1a02f7a-c26c-4a4d-8ddc-66616f2d8ee4,Mackenzie Jackson
99d0c305-46b6-4c98-ade5-9cb4827cfd38,Thomas Miller
0d4a26bc-f88f-43dc-ad4f-7dad80cd20d2,Joshua Hansen
097eb681-86a8-4fd0-8c35-4b67f42a1383,Brent Carter
960ececc-92ae-408a-a46d-5a3c05d80dcd,Heidi Kennedy
111fd9b4-6e3a-4fbe-9059-95b1eb78b1da,Brandon Morrow
47b29d79-19ff-4eeb-8b60-6e4ef45f722d,Katherine Ewing
25d6104d-fe42-4e8c-9df5-286c0386d597,Miranda Salas
72a9d9ed-c248-4f4c-b44b-ed5d6bdcdb1f,Jordan Chavez PhD
504465bc-04bb-46ba-9f3a-a0b6da5f5993,Stephen Johnston
f317ddd8-3849-4ed6-8231-9806ad319b95,Antonio Graham
49931796-009a-4384-8b9f-2e4b93bc2b70,Nathaniel Jones
7193a0c0-0bfc-4463-a2cd-420dda5dff76,Ronald Gould
bc754561-9a85-46ec-8ead-83f86bd0fc5e,Nathan Davis
f4388a0d-d0b9-4ac4-a1b8-90bff79c3b7f,Christopher Ryan
cd410896-0a02-4568-a48c-bf3e275d0f81,Jennifer Colon
20d98ce7-e0d2-484d-bce6-588b5b6e0070,Travis Briggs
76c907dc-029c-4824-a2c6-d42734e67380,Stephanie Spencer
eeb5a8f9-bd3a-40c9-9d18-d19bca3a4e03,Joann Williams
fa2911dc-b6f1-4a9e-b009-fdbc5b9f35d9,Amanda Webb
ea52b26c-8c46-493c-a4de-95eba3f8a579,Andrew Greene
331ef983-a4bf-46fe-8d5d-88dc877af514,Justin Simmons
bcb811a7-0a55-4219-942d-712d85f358fd,Robert Willis
844b9c4f-eb0e-4f2f-90a2-dca53921bbb8,Andrew Jackson
4849791c-3b58-4883-a6c4-4e29b28fbfb2,Brandi Smith
f8c0365a-b908-402d-bd75-f8c4ab973d0e,Sandra Carlson
a6e2128f-19f4-4544-8b5b-e62422c3a484,Melanie Hansen
0745bb3d-bf98-4302-a6a4-4ba5c9078191,Amanda Hansen
1aa8c52d-7d4e-498a-8978-75a62c4a13ec,Nicholas Diaz
5a47af28-dc08-4e0e-a1d7-be05394297a1,Anthony Johnson
fcf00ae3-bf10-43ad-8647-c921cc087a4f,Mary Ashley
3833111f-21cc-42a5-a56b-da81bb7c5f7e,James Wilson
12ac00f4-f29c-4ff4-a2a1-7d4b397035b1,Diana Anderson
5938e725-12cf-4231-b800-fc1dfdf45c3a,Randy Jackson
ad0f564d-c1ae-4f08-b46b-20eadc573ba7,Darrell Mccarthy
ac9cb424-2131-4820-8091-543106d3c17d,Elizabeth Jones
c22f9413-f2b2-4b6e-bc03-836555992c7c,David Reyes
700cf6a9-f77f-42d3-8faf-1841a5dbda1f,David Kerr
fbf88747-8ed9-4cb8-838d-ace0f8cefb03,Veronica Luna
5fcddd3a-0b9f-43cd-9803-477071029985,Joseph Clark MD
1cf6797e-449d-43a0-b6e2-fff43ba3e36f,Debbie Wilkinson
f8b01f6d-ccf3-4255-b30a-eea31cd4d1d6,Nancy Schwartz
d1af9720-2084-497e-8294-127cd4a31b72,Loretta Clark
de49ea4a-fc91-435c-bd8c-566cbd308176,Amanda Jones
b17215e4-1304-4096-8b8f-2f040b12dffa,Alex Holmes
29f80a62-1e30-4389-9c4a-81e47994ff29,Antonio Ortiz
560f1139-b7d0-4716-b058-b346812904e0,Antonio Bailey
4f7784b7-a3b5-425a-b232-0df3ae0e7884,Chelsea Ryan
7e171d99-2bf3-481c-ba2f-b8a786f869a3,Mrs. Vickie Johnson
7959a6fc-b03d-4bf3-b029-3753037f0a45,Timothy Conner
69a08e12-1726-4577-8b3f-6edd64c55366,Melissa Payne
0833051a-9e0f-4260-bfea-022e745ff7f5,Melanie Johnson
95e14d62-c488-4883-871c-e1fa47e3f44e,Linda Taylor
e69f75e8-fc24-4abe-9fce-8cf1dfd82532,Kara Fields
f2ebe8a2-aaf7-4af1-8089-399353843c25,Donna Price
992fef7b-ba44-4313-8d95-30204f864c91,Dr. Hannah Green
950e667e-29dc-499f-85a8-3c16ce9c7259,Darryl Murray
c5ecf2ca-16c7-4646-8a15-1583f22b8f0b,Whitney Sosa
9fc91798-bed8-4e7c-b703-113f83620600,Mary Patterson
aa87607d-e717-444f-b8b6-ff4b4865b437,Gabrielle Moore
346a1bf6-e927-4d79-bcb6-f570e0574415,Carrie Collins
439122be-44cf-4ef9-ae3a-b3f296737bd6,Kara Pierce
9a08fbf5-207b-4a4d-81ab-de8200835f56,Sarah Esparza
543f74c9-71c5-474e-a57b-9d0eca37c456,Jeffery Garrett
8b728934-8d45-4fce-901c-8d923c2d6bfa,Richard Wong
d1943719-f082-42ed-ae43-85e20f78d76a,Dwayne Lam
35ca9dbf-0f98-4eca-8e44-07cf18d0eaee,Mr. John Morris
131051c4-f3fa-4c1d-adc6-d0ab65e64f82,Jessica Herring
54c10166-1eaa-4cb4-8cc8-ae88309db986,Carlos Garcia
105a3ea6-eb63-4b9a-b9a5-2ec608a263f3,George Green
6dfe77d8-693b-4605-8a15-1566dfda3233,Joseph Love
1b04a86d-8c8e-4905-891d-a2e63f84168f,Mary Mora
bc78435f-8890-49ee-9bac-e36a5daf0e52,Mark Harris
62a5b030-6984-4a80-a5e0-f9dfecf90537,Joseph Cox
97e6868f-04d9-41c9-a63e-459c7059f369,Mark Baird
2d194d35-8902-4e7c-9e8b-95b06bb87d19,Kerri Young
24930f2f-93bb-479f-838a-25911d9cc598,Marc Richardson
5c9700da-e5fb-42d9-8f0f-eef1bdc74879,Catherine Villarreal
cfa41ba8-255f-4b80-a156-f56de5ce17a8,John Brown
eccad985-b9c7-4256-bd8d-f674638cd42f,Nicole Rios
29c0f640-eb9a-4fca-932e-6fc3ab27b7c1,Blake Smith
06168aef-892d-4abc-bd0f-8f4789d5c48b,Kathleen Pena
25010e84-025c-43de-a4bb-10667502d5e0,Anthony Thomas
c796e06b-7375-4234-8d5a-8bc69eeab42a,James Blake
c52433be-dd48-4ae0-99a8-a4e5c5cd7ac2,Maria Jordan
acba54e5-de00-4bbe-a328-77c4d90b4e56,Sonya Nolan
2fdab736-1f3f-4082-a9aa-5bf474b28eb3,Logan Richardson
3ec8c9aa-5a27-4942-968b-a30af7dfdcba,Brenda Moreno
cb29ca27-77a3-49cd-be06-ae254bd9e175,Dana Reese
8702993e-0a76-451a-aa62-42e8f1c74b7c,Mr. Jacob Jones MD
1cf6d054-ff28-49af-a0e5-2be99f56899d,Ryan Vargas
8e70db0b-a785-4114-b366-14c19e75f4e9,Dana Smith
8d4ccef2-7949-437f-aa3b-19ab32cd7d16,Carolyn Arnold
5e84f107-0614-4670-86ba-c89d147076e0,Deanna Alvarado
c83fd7d1-8995-4a1d-8ede-82f61ed2ede3,Danielle Williams
c42c111e-6318-4960-b72e-70f451e549a8,Hailey Garcia
a3c5ab3e-e15a-4aac-81bd-199c8d607747,Joseph Jackson
fd5c15c2-4e11-4e0b-ab77-03cb0cc4fecb,Sara Jones
55167030-fda5-452a-8b0a-986a3c18573e,Sheila Thomas
d31cdd5f-8a9d-4599-97e6-96518905d77b,Gary Griffith
